-- phpMyAdmin SQL Dump
-- version 4.0.10deb1
-- http://www.phpmyadmin.net
--
-- Host: localhost
-- Generation Time: Jul 28, 2014 at 11:33 AM
-- Server version: 5.5.38-0ubuntu0.14.04.1
-- PHP Version: 5.5.9-1ubuntu4.3

SET SQL_MODE = "NO_AUTO_VALUE_ON_ZERO";
SET time_zone = "+00:00";


/*!40101 SET @OLD_CHARACTER_SET_CLIENT=@@CHARACTER_SET_CLIENT */;
/*!40101 SET @OLD_CHARACTER_SET_RESULTS=@@CHARACTER_SET_RESULTS */;
/*!40101 SET @OLD_COLLATION_CONNECTION=@@COLLATION_CONNECTION */;
/*!40101 SET NAMES utf8 */;

--
-- Database: `gen`
--

-- --------------------------------------------------------

--
-- Table structure for table `auth_group`
--

CREATE TABLE IF NOT EXISTS `auth_group` (
  `id` int(11) NOT NULL AUTO_INCREMENT,
  `name` varchar(80) COLLATE utf8_unicode_ci NOT NULL,
  PRIMARY KEY (`id`),
  UNIQUE KEY `name` (`name`)
) ENGINE=InnoDB DEFAULT CHARSET=utf8 COLLATE=utf8_unicode_ci AUTO_INCREMENT=1 ;

-- --------------------------------------------------------

--
-- Table structure for table `auth_group_permissions`
--

CREATE TABLE IF NOT EXISTS `auth_group_permissions` (
  `id` int(11) NOT NULL AUTO_INCREMENT,
  `group_id` int(11) NOT NULL,
  `permission_id` int(11) NOT NULL,
  PRIMARY KEY (`id`),
  UNIQUE KEY `group_id` (`group_id`,`permission_id`),
  KEY `auth_group_permissions_5f412f9a` (`group_id`),
  KEY `auth_group_permissions_83d7f98b` (`permission_id`)
) ENGINE=InnoDB DEFAULT CHARSET=utf8 COLLATE=utf8_unicode_ci AUTO_INCREMENT=1 ;

-- --------------------------------------------------------

--
-- Table structure for table `auth_permission`
--

CREATE TABLE IF NOT EXISTS `auth_permission` (
  `id` int(11) NOT NULL AUTO_INCREMENT,
  `name` varchar(50) COLLATE utf8_unicode_ci NOT NULL,
  `content_type_id` int(11) NOT NULL,
  `codename` varchar(100) COLLATE utf8_unicode_ci NOT NULL,
  PRIMARY KEY (`id`),
  UNIQUE KEY `content_type_id` (`content_type_id`,`codename`),
  KEY `auth_permission_37ef4eb4` (`content_type_id`)
) ENGINE=InnoDB  DEFAULT CHARSET=utf8 COLLATE=utf8_unicode_ci AUTO_INCREMENT=28 ;

--
-- Dumping data for table `auth_permission`
--

INSERT INTO `auth_permission` (`id`, `name`, `content_type_id`, `codename`) VALUES
(1, 'Can add log entry', 1, 'add_logentry'),
(2, 'Can change log entry', 1, 'change_logentry'),
(3, 'Can delete log entry', 1, 'delete_logentry'),
(4, 'Can add permission', 2, 'add_permission'),
(5, 'Can change permission', 2, 'change_permission'),
(6, 'Can delete permission', 2, 'delete_permission'),
(7, 'Can add group', 3, 'add_group'),
(8, 'Can change group', 3, 'change_group'),
(9, 'Can delete group', 3, 'delete_group'),
(10, 'Can add user', 4, 'add_user'),
(11, 'Can change user', 4, 'change_user'),
(12, 'Can delete user', 4, 'delete_user'),
(13, 'Can add content type', 5, 'add_contenttype'),
(14, 'Can change content type', 5, 'change_contenttype'),
(15, 'Can delete content type', 5, 'delete_contenttype'),
(16, 'Can add session', 6, 'add_session'),
(17, 'Can change session', 6, 'change_session'),
(18, 'Can delete session', 6, 'delete_session'),
(19, 'Can add site', 7, 'add_site'),
(20, 'Can change site', 7, 'change_site'),
(21, 'Can delete site', 7, 'delete_site'),
(22, 'Can add post', 8, 'add_post'),
(23, 'Can change post', 8, 'change_post'),
(24, 'Can delete post', 8, 'delete_post'),
(25, 'Can add rating', 9, 'add_rating'),
(26, 'Can change rating', 9, 'change_rating'),
(27, 'Can delete rating', 9, 'delete_rating');

-- --------------------------------------------------------

--
-- Table structure for table `auth_user`
--

CREATE TABLE IF NOT EXISTS `auth_user` (
  `id` int(11) NOT NULL AUTO_INCREMENT,
  `password` varchar(128) COLLATE utf8_unicode_ci NOT NULL,
  `last_login` datetime NOT NULL,
  `is_superuser` tinyint(1) NOT NULL,
  `username` varchar(30) COLLATE utf8_unicode_ci NOT NULL,
  `first_name` varchar(30) COLLATE utf8_unicode_ci NOT NULL,
  `last_name` varchar(30) COLLATE utf8_unicode_ci NOT NULL,
  `email` varchar(75) COLLATE utf8_unicode_ci NOT NULL,
  `is_staff` tinyint(1) NOT NULL,
  `is_active` tinyint(1) NOT NULL,
  `date_joined` datetime NOT NULL,
  PRIMARY KEY (`id`),
  UNIQUE KEY `username` (`username`)
) ENGINE=InnoDB  DEFAULT CHARSET=utf8 COLLATE=utf8_unicode_ci AUTO_INCREMENT=3 ;

--
-- Dumping data for table `auth_user`
--

INSERT INTO `auth_user` (`id`, `password`, `last_login`, `is_superuser`, `username`, `first_name`, `last_name`, `email`, `is_staff`, `is_active`, `date_joined`) VALUES
(1, 'pbkdf2_sha256$12000$z6L1bhDbHBnv$H8IFZah4vBBYTZH6wQwynW0ZWs/jzf/n+gswLCogGT8=', '2014-07-27 09:56:49', 1, 'admin', '', '', 'diwasblack@gmail.com', 1, 1, '2014-07-02 03:25:25'),
(2, 'pbkdf2_sha256$12000$F0I05XRd5ZSH$mIVP4f9PULTB+TVdam7RAPYpnigXZl7uVc8jaF0yT3A=', '2014-07-03 01:13:35', 0, 'diwasblack', 'Diwas', 'Sharma', 'diwasblack@gmail.com', 0, 1, '2014-07-02 03:27:53');

-- --------------------------------------------------------

--
-- Table structure for table `auth_user_groups`
--

CREATE TABLE IF NOT EXISTS `auth_user_groups` (
  `id` int(11) NOT NULL AUTO_INCREMENT,
  `user_id` int(11) NOT NULL,
  `group_id` int(11) NOT NULL,
  PRIMARY KEY (`id`),
  UNIQUE KEY `user_id` (`user_id`,`group_id`),
  KEY `auth_user_groups_6340c63c` (`user_id`),
  KEY `auth_user_groups_5f412f9a` (`group_id`)
) ENGINE=InnoDB DEFAULT CHARSET=utf8 COLLATE=utf8_unicode_ci AUTO_INCREMENT=1 ;

-- --------------------------------------------------------

--
-- Table structure for table `auth_user_user_permissions`
--

CREATE TABLE IF NOT EXISTS `auth_user_user_permissions` (
  `id` int(11) NOT NULL AUTO_INCREMENT,
  `user_id` int(11) NOT NULL,
  `permission_id` int(11) NOT NULL,
  PRIMARY KEY (`id`),
  UNIQUE KEY `user_id` (`user_id`,`permission_id`),
  KEY `auth_user_user_permissions_6340c63c` (`user_id`),
  KEY `auth_user_user_permissions_83d7f98b` (`permission_id`)
) ENGINE=InnoDB DEFAULT CHARSET=utf8 COLLATE=utf8_unicode_ci AUTO_INCREMENT=1 ;

-- --------------------------------------------------------

--
-- Table structure for table `django_admin_log`
--

CREATE TABLE IF NOT EXISTS `django_admin_log` (
  `id` int(11) NOT NULL AUTO_INCREMENT,
  `action_time` datetime NOT NULL,
  `user_id` int(11) NOT NULL,
  `content_type_id` int(11) DEFAULT NULL,
  `object_id` longtext COLLATE utf8_unicode_ci,
  `object_repr` varchar(200) COLLATE utf8_unicode_ci NOT NULL,
  `action_flag` smallint(5) unsigned NOT NULL,
  `change_message` longtext COLLATE utf8_unicode_ci NOT NULL,
  PRIMARY KEY (`id`),
  KEY `django_admin_log_6340c63c` (`user_id`),
  KEY `django_admin_log_37ef4eb4` (`content_type_id`)
) ENGINE=InnoDB  DEFAULT CHARSET=utf8 COLLATE=utf8_unicode_ci AUTO_INCREMENT=12 ;

--
-- Dumping data for table `django_admin_log`
--

INSERT INTO `django_admin_log` (`id`, `action_time`, `user_id`, `content_type_id`, `object_id`, `object_repr`, `action_flag`, `change_message`) VALUES
(1, '2014-07-02 13:52:48', 1, 7, '1', 'ekantipur', 1, ''),
(2, '2014-07-02 13:53:20', 1, 7, '2', 'onlinekhabar', 1, ''),
(3, '2014-07-02 13:59:41', 1, 8, '1', 'A test  title to ', 1, ''),
(4, '2014-07-02 14:00:11', 1, 8, '2', 'New test title. ', 1, ''),
(5, '2014-07-02 14:00:46', 1, 8, '3', 'A long long long long long long long long long long title', 1, ''),
(6, '2014-07-06 09:59:09', 1, 7, '1', 'ekantipur', 2, 'Changed feed_url.'),
(7, '2014-07-06 09:59:27', 1, 7, '2', 'onlinekhabar', 2, 'Changed feed_url.'),
(8, '2014-07-06 09:59:43', 1, 7, '2', 'onlinekhabar', 3, ''),
(9, '2014-07-06 16:19:56', 1, 7, '2', 'onlinekhabar', 1, ''),
(10, '2014-07-12 12:49:01', 1, 7, '1', 'ekantipur', 3, ''),
(11, '2014-07-27 10:10:46', 1, 7, '2', 'ratopati', 2, 'Changed name and feed_url.');

-- --------------------------------------------------------

--
-- Table structure for table `django_content_type`
--

CREATE TABLE IF NOT EXISTS `django_content_type` (
  `id` int(11) NOT NULL AUTO_INCREMENT,
  `name` varchar(100) COLLATE utf8_unicode_ci NOT NULL,
  `app_label` varchar(100) COLLATE utf8_unicode_ci NOT NULL,
  `model` varchar(100) COLLATE utf8_unicode_ci NOT NULL,
  PRIMARY KEY (`id`),
  UNIQUE KEY `app_label` (`app_label`,`model`)
) ENGINE=InnoDB  DEFAULT CHARSET=utf8 COLLATE=utf8_unicode_ci AUTO_INCREMENT=10 ;

--
-- Dumping data for table `django_content_type`
--

INSERT INTO `django_content_type` (`id`, `name`, `app_label`, `model`) VALUES
(1, 'log entry', 'admin', 'logentry'),
(2, 'permission', 'auth', 'permission'),
(3, 'group', 'auth', 'group'),
(4, 'user', 'auth', 'user'),
(5, 'content type', 'contenttypes', 'contenttype'),
(6, 'session', 'sessions', 'session'),
(7, 'site', 'mainapp', 'site'),
(8, 'post', 'mainapp', 'post'),
(9, 'rating', 'mainapp', 'rating');

-- --------------------------------------------------------

--
-- Table structure for table `django_session`
--

CREATE TABLE IF NOT EXISTS `django_session` (
  `session_key` varchar(40) COLLATE utf8_unicode_ci NOT NULL,
  `session_data` longtext COLLATE utf8_unicode_ci NOT NULL,
  `expire_date` datetime NOT NULL,
  PRIMARY KEY (`session_key`),
  KEY `django_session_b7b81f0c` (`expire_date`)
) ENGINE=InnoDB DEFAULT CHARSET=utf8 COLLATE=utf8_unicode_ci;

--
-- Dumping data for table `django_session`
--

INSERT INTO `django_session` (`session_key`, `session_data`, `expire_date`) VALUES
('mpra06po37a697lg4bcyj8a1orlmp7sl', 'MTI1ZmM4NTAwZjZiNDgxNWQ4MGJmY2U0NjQxMDkxOGQwMDgyYWE5NDp7Il9hdXRoX3VzZXJfYmFja2VuZCI6ImRqYW5nby5jb250cmliLmF1dGguYmFja2VuZHMuTW9kZWxCYWNrZW5kIiwiX2F1dGhfdXNlcl9pZCI6MX0=', '2014-08-10 09:56:49');

-- --------------------------------------------------------

--
-- Table structure for table `mainapp_post`
--

CREATE TABLE IF NOT EXISTS `mainapp_post` (
  `id` int(11) NOT NULL AUTO_INCREMENT,
  `title` longtext COLLATE utf8_unicode_ci NOT NULL,
  `url` varchar(200) COLLATE utf8_unicode_ci NOT NULL,
  `created_at` datetime NOT NULL,
  `site_id` int(11) NOT NULL,
  PRIMARY KEY (`id`),
  KEY `mainapp_post_99732b5c` (`site_id`)
) ENGINE=InnoDB DEFAULT CHARSET=utf8 COLLATE=utf8_unicode_ci AUTO_INCREMENT=1 ;

-- --------------------------------------------------------

--
-- Table structure for table `mainapp_rating`
--

CREATE TABLE IF NOT EXISTS `mainapp_rating` (
  `id` int(11) NOT NULL AUTO_INCREMENT,
  `user_id` int(11) NOT NULL,
  `post_id` int(11) NOT NULL,
  `score` smallint(5) unsigned NOT NULL,
  PRIMARY KEY (`id`),
  KEY `mainapp_rating_6340c63c` (`user_id`),
  KEY `mainapp_rating_87a49a9a` (`post_id`)
) ENGINE=InnoDB DEFAULT CHARSET=utf8 COLLATE=utf8_unicode_ci AUTO_INCREMENT=1 ;

-- --------------------------------------------------------

--
-- Table structure for table `mainapp_site`
--

CREATE TABLE IF NOT EXISTS `mainapp_site` (
  `id` int(11) NOT NULL AUTO_INCREMENT,
  `name` varchar(30) COLLATE utf8_unicode_ci NOT NULL,
  `url` varchar(200) COLLATE utf8_unicode_ci NOT NULL,
  `rssurl` varchar(200) COLLATE utf8_unicode_ci NOT NULL,
  `last_access` datetime NOT NULL,
  `frequency` int(11) NOT NULL,
  PRIMARY KEY (`id`)
) ENGINE=InnoDB  DEFAULT CHARSET=utf8 COLLATE=utf8_unicode_ci AUTO_INCREMENT=3 ;

--
-- Dumping data for table `mainapp_site`
--

INSERT INTO `mainapp_site` (`id`, `name`, `url`, `rssurl`, `last_access`, `frequency`) VALUES
(2, 'ratopati', 'http://www.ratopati.com/', 'http://www.ratopati.com/rss', '2014-07-06 22:04:52', 60);

-- --------------------------------------------------------

--
-- Table structure for table `MOCK_DATA`
--

CREATE TABLE IF NOT EXISTS `MOCK_DATA` (
  `id` int(11) NOT NULL DEFAULT '0',
  `password` varchar(50) COLLATE utf8_unicode_ci DEFAULT NULL,
  `last_login` date DEFAULT NULL,
  `is_superuser` int(11) DEFAULT NULL,
  `username` varchar(50) COLLATE utf8_unicode_ci DEFAULT NULL,
  `first_name` varchar(50) COLLATE utf8_unicode_ci DEFAULT NULL,
  `last_name` varchar(50) COLLATE utf8_unicode_ci DEFAULT NULL,
  `email` varchar(50) COLLATE utf8_unicode_ci DEFAULT NULL,
  `is_staff` int(11) DEFAULT NULL,
  `is_active` int(11) DEFAULT NULL,
  `date_joined` date DEFAULT NULL,
  PRIMARY KEY (`id`)
) ENGINE=InnoDB DEFAULT CHARSET=utf8 COLLATE=utf8_unicode_ci;

--
-- Dumping data for table `MOCK_DATA`
--

INSERT INTO `MOCK_DATA` (`id`, `password`, `last_login`, `is_superuser`, `username`, `first_name`, `last_name`, `email`, `is_staff`, `is_active`, `date_joined`) VALUES
(3, 'pbkdf2_sha256$12000$z6L1bhDbHBnv$H8IFZah4vBBYTZH6w', '2014-07-16', 0, 'blopez', 'Marie', 'Griffin', 'mgriffin@zoombox.gov', 1, 1, '2013-08-27'),
(4, 'pbkdf2_sha256$12000$z6L1bhDbHBnv$H8IFZah4vBBYTZH6w', '2014-03-26', 0, 'dwheeler', 'Nicole', 'Johnston', 'njohnston@lazz.gov', 1, 0, '2013-05-31'),
(5, 'pbkdf2_sha256$12000$z6L1bhDbHBnv$H8IFZah4vBBYTZH6w', '2014-01-06', 0, 'tmccoy', 'Karen', 'Larson', 'klarson@livepath.org', 1, 0, '2011-01-23'),
(6, 'pbkdf2_sha256$12000$z6L1bhDbHBnv$H8IFZah4vBBYTZH6w', '2014-01-16', 1, 'gfowler', 'Timothy', 'Hill', 'thill@vidoo.edu', 1, 0, '2013-05-01'),
(7, 'pbkdf2_sha256$12000$z6L1bhDbHBnv$H8IFZah4vBBYTZH6w', '2014-04-19', 0, 'areynolds', 'Robert', 'Walker', 'rwalker@skynoodle.edu', 0, 0, '2012-05-29'),
(8, 'pbkdf2_sha256$12000$z6L1bhDbHBnv$H8IFZah4vBBYTZH6w', '2014-06-26', 1, 'tlynch', 'Louise', 'Diaz', 'ldiaz@skalith.biz', 1, 0, '2013-05-26'),
(9, 'pbkdf2_sha256$12000$z6L1bhDbHBnv$H8IFZah4vBBYTZH6w', '2014-03-03', 1, 'abennett', 'Sandra', 'Roberts', 'sroberts@avavee.name', 1, 1, '2013-06-13'),
(10, 'pbkdf2_sha256$12000$z6L1bhDbHBnv$H8IFZah4vBBYTZH6w', '2014-06-06', 0, 'dtaylor', 'Brian', 'Wilson', 'bwilson@tavu.org', 0, 0, '2011-12-21'),
(11, 'pbkdf2_sha256$12000$z6L1bhDbHBnv$H8IFZah4vBBYTZH6w', '2014-04-18', 0, 'gmiller', 'Paul', 'Rodriguez', 'prodriguez@leenti.com', 0, 0, '2011-12-04'),
(12, 'pbkdf2_sha256$12000$z6L1bhDbHBnv$H8IFZah4vBBYTZH6w', '2014-01-29', 1, 'erivera', 'Juan', 'Greene', 'jgreene@brightdog.biz', 1, 0, '2011-06-07'),
(13, 'pbkdf2_sha256$12000$z6L1bhDbHBnv$H8IFZah4vBBYTZH6w', '2014-07-18', 1, 'dlarson', 'Keith', 'Moore', 'kmoore@jaxbean.org', 1, 1, '2012-10-22'),
(14, 'pbkdf2_sha256$12000$z6L1bhDbHBnv$H8IFZah4vBBYTZH6w', '2014-06-28', 1, 'jstanley', 'Jean', 'Harvey', 'jharvey@fivespan.name', 1, 0, '2012-11-14'),
(15, 'pbkdf2_sha256$12000$z6L1bhDbHBnv$H8IFZah4vBBYTZH6w', '2014-07-17', 0, 'lstevens', 'Dennis', 'Torres', 'dtorres@realbridge.edu', 0, 1, '2012-06-17'),
(16, 'pbkdf2_sha256$12000$z6L1bhDbHBnv$H8IFZah4vBBYTZH6w', '2014-06-04', 0, 'tjackson', 'Marilyn', 'Hansen', 'mhansen@eabox.org', 0, 1, '2012-05-20'),
(17, 'pbkdf2_sha256$12000$z6L1bhDbHBnv$H8IFZah4vBBYTZH6w', '2014-06-20', 1, 'jhanson', 'Ralph', 'Foster', 'rfoster@oyoba.edu', 1, 0, '2013-06-13'),
(18, 'pbkdf2_sha256$12000$z6L1bhDbHBnv$H8IFZah4vBBYTZH6w', '2014-01-31', 1, 'wwells', 'Samuel', 'Larson', 'slarson@realmix.name', 0, 0, '2012-11-11'),
(19, 'pbkdf2_sha256$12000$z6L1bhDbHBnv$H8IFZah4vBBYTZH6w', '2014-05-14', 1, 'dfuller', 'Andrea', 'Taylor', 'ataylor@vipe.net', 0, 0, '2013-03-18'),
(20, 'pbkdf2_sha256$12000$z6L1bhDbHBnv$H8IFZah4vBBYTZH6w', '2014-05-26', 0, 'ghicks', 'Roy', 'Richards', 'rrichards@lajo.gov', 0, 1, '2011-02-28'),
(21, 'pbkdf2_sha256$12000$z6L1bhDbHBnv$H8IFZah4vBBYTZH6w', '2014-01-14', 1, 'tlynch', 'Rebecca', 'Weaver', 'rweaver@kare.net', 1, 0, '2011-02-28'),
(22, 'pbkdf2_sha256$12000$z6L1bhDbHBnv$H8IFZah4vBBYTZH6w', '2014-04-29', 1, 'rhudson', 'Diana', 'Bowman', 'dbowman@yakitri.com', 0, 0, '2013-09-01'),
(23, 'pbkdf2_sha256$12000$z6L1bhDbHBnv$H8IFZah4vBBYTZH6w', '2014-03-28', 1, 'gmurphy', 'Jacqueline', 'Gray', 'jgray@brightbean.gov', 1, 1, '2013-03-05'),
(24, 'pbkdf2_sha256$12000$z6L1bhDbHBnv$H8IFZah4vBBYTZH6w', '2014-04-16', 1, 'jbennett', 'Annie', 'Freeman', 'afreeman@divanoodle.edu', 1, 1, '2012-01-14'),
(25, 'pbkdf2_sha256$12000$z6L1bhDbHBnv$H8IFZah4vBBYTZH6w', '2014-06-01', 0, 'aking', 'Kimberly', 'Henderson', 'khenderson@bubblebox.org', 0, 1, '2012-07-16'),
(26, 'pbkdf2_sha256$12000$z6L1bhDbHBnv$H8IFZah4vBBYTZH6w', '2014-05-20', 1, 'jrivera', 'Steven', 'Henderson', 'shenderson@skiba.org', 1, 1, '2013-01-24'),
(27, 'pbkdf2_sha256$12000$z6L1bhDbHBnv$H8IFZah4vBBYTZH6w', '2014-01-21', 0, 'kryan', 'Melissa', 'Allen', 'mallen@jabbersphere.com', 1, 1, '2012-05-14'),
(28, 'pbkdf2_sha256$12000$z6L1bhDbHBnv$H8IFZah4vBBYTZH6w', '2014-06-22', 1, 'glong', 'Amy', 'Elliott', 'aelliott@tagopia.org', 1, 1, '2012-03-06'),
(29, 'pbkdf2_sha256$12000$z6L1bhDbHBnv$H8IFZah4vBBYTZH6w', '2014-06-01', 1, 'lroberts', 'Joshua', 'Ferguson', 'jferguson@tagtune.com', 0, 0, '2011-01-25'),
(30, 'pbkdf2_sha256$12000$z6L1bhDbHBnv$H8IFZah4vBBYTZH6w', '2014-07-14', 1, 'jdiaz', 'Ryan', 'Frazier', 'rfrazier@flashspan.com', 1, 0, '2012-11-02'),
(31, 'pbkdf2_sha256$12000$z6L1bhDbHBnv$H8IFZah4vBBYTZH6w', '2014-05-20', 0, 'bspencer', 'Billy', 'Hanson', 'bhanson@realcube.name', 0, 1, '2011-11-06'),
(32, 'pbkdf2_sha256$12000$z6L1bhDbHBnv$H8IFZah4vBBYTZH6w', '2014-06-18', 1, 'arose', 'Albert', 'Torres', 'atorres@skalith.net', 0, 0, '2013-06-09'),
(33, 'pbkdf2_sha256$12000$z6L1bhDbHBnv$H8IFZah4vBBYTZH6w', '2014-07-16', 0, 'wbryant', 'Barbara', 'Hansen', 'bhansen@jumpxs.mil', 1, 0, '2011-04-19'),
(34, 'pbkdf2_sha256$12000$z6L1bhDbHBnv$H8IFZah4vBBYTZH6w', '2014-04-28', 1, 'jburton', 'Dorothy', 'Cunningham', 'dcunningham@bluezoom.gov', 1, 1, '2011-03-08'),
(35, 'pbkdf2_sha256$12000$z6L1bhDbHBnv$H8IFZah4vBBYTZH6w', '2014-01-23', 0, 'khenry', 'James', 'Gordon', 'jgordon@thoughtblab.com', 1, 1, '2013-09-05'),
(36, 'pbkdf2_sha256$12000$z6L1bhDbHBnv$H8IFZah4vBBYTZH6w', '2014-01-11', 0, 'aturner', 'Arthur', 'Wheeler', 'awheeler@tagopia.edu', 0, 1, '2012-08-02'),
(37, 'pbkdf2_sha256$12000$z6L1bhDbHBnv$H8IFZah4vBBYTZH6w', '2014-04-09', 0, 'cberry', 'Larry', 'Kelly', 'lkelly@leexo.edu', 1, 0, '2012-11-15'),
(38, 'pbkdf2_sha256$12000$z6L1bhDbHBnv$H8IFZah4vBBYTZH6w', '2014-06-19', 0, 'bwood', 'Johnny', 'Mcdonald', 'jmcdonald@babbleset.biz', 1, 0, '2011-11-07'),
(39, 'pbkdf2_sha256$12000$z6L1bhDbHBnv$H8IFZah4vBBYTZH6w', '2014-01-25', 1, 'acastillo', 'Gary', 'Warren', 'gwarren@gigazoom.mil', 0, 0, '2011-09-11'),
(40, 'pbkdf2_sha256$12000$z6L1bhDbHBnv$H8IFZah4vBBYTZH6w', '2014-04-15', 1, 'bspencer', 'Sharon', 'Daniels', 'sdaniels@tazz.gov', 0, 0, '2013-05-03'),
(41, 'pbkdf2_sha256$12000$z6L1bhDbHBnv$H8IFZah4vBBYTZH6w', '2014-01-23', 1, 'jperez', 'Richard', 'Rodriguez', 'rrodriguez@lazz.info', 0, 0, '2012-08-17'),
(42, 'pbkdf2_sha256$12000$z6L1bhDbHBnv$H8IFZah4vBBYTZH6w', '2014-03-18', 0, 'rburns', 'Kathryn', 'Austin', 'kaustin@buzzbean.org', 0, 0, '2011-11-18'),
(43, 'pbkdf2_sha256$12000$z6L1bhDbHBnv$H8IFZah4vBBYTZH6w', '2014-06-22', 0, 'rhenderson', 'Cynthia', 'Mcdonald', 'cmcdonald@eabox.biz', 0, 1, '2012-06-29'),
(44, 'pbkdf2_sha256$12000$z6L1bhDbHBnv$H8IFZah4vBBYTZH6w', '2014-06-22', 0, 'darnold', 'Michael', 'Banks', 'mbanks@babbleblab.mil', 0, 1, '2012-12-31'),
(45, 'pbkdf2_sha256$12000$z6L1bhDbHBnv$H8IFZah4vBBYTZH6w', '2014-07-06', 0, 'phanson', 'Theresa', 'Ortiz', 'tortiz@bubblemix.net', 0, 1, '2013-02-08'),
(46, 'pbkdf2_sha256$12000$z6L1bhDbHBnv$H8IFZah4vBBYTZH6w', '2014-06-29', 0, 'jwoods', 'Lawrence', 'Hawkins', 'lhawkins@riffpath.net', 0, 0, '2012-08-06'),
(47, 'pbkdf2_sha256$12000$z6L1bhDbHBnv$H8IFZah4vBBYTZH6w', '2014-05-29', 1, 'dbowman', 'Henry', 'Gutierrez', 'hgutierrez@rhynyx.org', 1, 1, '2011-11-21'),
(48, 'pbkdf2_sha256$12000$z6L1bhDbHBnv$H8IFZah4vBBYTZH6w', '2014-05-16', 1, 'ewright', 'Chris', 'Allen', 'callen@oyope.name', 1, 1, '2012-02-12'),
(49, 'pbkdf2_sha256$12000$z6L1bhDbHBnv$H8IFZah4vBBYTZH6w', '2014-05-31', 1, 'bstevens', 'Marie', 'Morris', 'mmorris@voonte.mil', 1, 0, '2011-05-10'),
(50, 'pbkdf2_sha256$12000$z6L1bhDbHBnv$H8IFZah4vBBYTZH6w', '2014-01-24', 0, 'sriley', 'Shawn', 'Weaver', 'sweaver@shuffledrive.org', 1, 1, '2013-07-14'),
(51, 'pbkdf2_sha256$12000$z6L1bhDbHBnv$H8IFZah4vBBYTZH6w', '2014-02-14', 1, 'mrodriguez', 'Wanda', 'Bell', 'wbell@feedbug.com', 1, 0, '2013-05-27'),
(52, 'pbkdf2_sha256$12000$z6L1bhDbHBnv$H8IFZah4vBBYTZH6w', '2014-03-20', 0, 'bgrant', 'Virginia', 'Mccoy', 'vmccoy@wikibox.org', 1, 1, '2012-06-26'),
(53, 'pbkdf2_sha256$12000$z6L1bhDbHBnv$H8IFZah4vBBYTZH6w', '2014-07-17', 0, 'tramos', 'Larry', 'Morgan', 'lmorgan@dynabox.org', 1, 0, '2011-12-31'),
(54, 'pbkdf2_sha256$12000$z6L1bhDbHBnv$H8IFZah4vBBYTZH6w', '2014-03-30', 1, 'jburke', 'Frank', 'Richardson', 'frichardson@mita.biz', 0, 0, '2011-06-26'),
(55, 'pbkdf2_sha256$12000$z6L1bhDbHBnv$H8IFZah4vBBYTZH6w', '2014-02-03', 0, 'emorgan', 'Jeffrey', 'Stevens', 'jstevens@trilia.info', 0, 0, '2013-04-12'),
(56, 'pbkdf2_sha256$12000$z6L1bhDbHBnv$H8IFZah4vBBYTZH6w', '2014-03-12', 0, 'jromero', 'Gloria', 'Simpson', 'gsimpson@divanoodle.mil', 1, 0, '2011-11-13'),
(57, 'pbkdf2_sha256$12000$z6L1bhDbHBnv$H8IFZah4vBBYTZH6w', '2014-03-09', 0, 'dharris', 'Nicholas', 'Spencer', 'nspencer@zoomzone.biz', 1, 1, '2012-07-21'),
(58, 'pbkdf2_sha256$12000$z6L1bhDbHBnv$H8IFZah4vBBYTZH6w', '2014-01-23', 0, 'glynch', 'Kathryn', 'Weaver', 'kweaver@kamba.mil', 0, 1, '2012-02-13'),
(59, 'pbkdf2_sha256$12000$z6L1bhDbHBnv$H8IFZah4vBBYTZH6w', '2014-04-26', 1, 'agray', 'Adam', 'Thomas', 'athomas@buzzster.org', 0, 1, '2012-03-07'),
(60, 'pbkdf2_sha256$12000$z6L1bhDbHBnv$H8IFZah4vBBYTZH6w', '2014-01-23', 0, 'rreid', 'Tina', 'Mcdonald', 'tmcdonald@brainsphere.name', 1, 1, '2012-07-04'),
(61, 'pbkdf2_sha256$12000$z6L1bhDbHBnv$H8IFZah4vBBYTZH6w', '2014-07-06', 1, 'rross', 'Amanda', 'Vasquez', 'avasquez@blogtag.com', 1, 1, '2011-06-18'),
(62, 'pbkdf2_sha256$12000$z6L1bhDbHBnv$H8IFZah4vBBYTZH6w', '2014-05-20', 1, 'cmatthews', 'Anthony', 'Warren', 'awarren@rooxo.com', 1, 1, '2013-04-04'),
(63, 'pbkdf2_sha256$12000$z6L1bhDbHBnv$H8IFZah4vBBYTZH6w', '2014-03-18', 0, 'mwood', 'Gloria', 'King', 'gking@jabbercube.edu', 0, 0, '2011-07-21'),
(64, 'pbkdf2_sha256$12000$z6L1bhDbHBnv$H8IFZah4vBBYTZH6w', '2014-06-30', 1, 'hhudson', 'Gregory', 'Richardson', 'grichardson@abatz.biz', 1, 1, '2013-11-01'),
(65, 'pbkdf2_sha256$12000$z6L1bhDbHBnv$H8IFZah4vBBYTZH6w', '2014-06-21', 1, 'acrawford', 'Norma', 'Carroll', 'ncarroll@mybuzz.gov', 0, 0, '2013-02-08'),
(66, 'pbkdf2_sha256$12000$z6L1bhDbHBnv$H8IFZah4vBBYTZH6w', '2014-05-17', 0, 'lbanks', 'Ernest', 'Lawrence', 'elawrence@quimba.net', 0, 0, '2012-12-15'),
(67, 'pbkdf2_sha256$12000$z6L1bhDbHBnv$H8IFZah4vBBYTZH6w', '2014-04-07', 1, 'tsmith', 'Janet', 'Scott', 'jscott@topicware.info', 1, 1, '2011-04-01'),
(68, 'pbkdf2_sha256$12000$z6L1bhDbHBnv$H8IFZah4vBBYTZH6w', '2014-02-02', 0, 'rrodriguez', 'Ryan', 'Griffin', 'rgriffin@tazz.net', 0, 1, '2011-07-02'),
(69, 'pbkdf2_sha256$12000$z6L1bhDbHBnv$H8IFZah4vBBYTZH6w', '2014-01-12', 1, 'ccampbell', 'Jonathan', 'Hicks', 'jhicks@minyx.org', 1, 0, '2012-01-05'),
(70, 'pbkdf2_sha256$12000$z6L1bhDbHBnv$H8IFZah4vBBYTZH6w', '2014-04-15', 1, 'dbutler', 'Jason', 'Mason', 'jmason@oyoloo.info', 0, 1, '2012-10-11'),
(71, 'pbkdf2_sha256$12000$z6L1bhDbHBnv$H8IFZah4vBBYTZH6w', '2014-05-21', 1, 'jwallace', 'Jeffrey', 'Welch', 'jwelch@youopia.biz', 0, 0, '2013-10-03'),
(72, 'pbkdf2_sha256$12000$z6L1bhDbHBnv$H8IFZah4vBBYTZH6w', '2014-07-15', 0, 'rreed', 'Jack', 'Diaz', 'jdiaz@yozio.info', 0, 1, '2011-12-29'),
(73, 'pbkdf2_sha256$12000$z6L1bhDbHBnv$H8IFZah4vBBYTZH6w', '2014-04-03', 0, 'wwilson', 'Cynthia', 'Myers', 'cmyers@fanoodle.name', 1, 1, '2013-02-01'),
(74, 'pbkdf2_sha256$12000$z6L1bhDbHBnv$H8IFZah4vBBYTZH6w', '2014-02-16', 1, 'sfranklin', 'Theresa', 'Brown', 'tbrown@eimbee.info', 1, 1, '2011-02-07'),
(75, 'pbkdf2_sha256$12000$z6L1bhDbHBnv$H8IFZah4vBBYTZH6w', '2014-06-14', 0, 'bwebb', 'Mildred', 'Howell', 'mhowell@demizz.net', 0, 1, '2013-02-14'),
(76, 'pbkdf2_sha256$12000$z6L1bhDbHBnv$H8IFZah4vBBYTZH6w', '2014-04-03', 1, 'kjacobs', 'Jonathan', 'Thomas', 'jthomas@browsetype.biz', 0, 0, '2012-09-15'),
(77, 'pbkdf2_sha256$12000$z6L1bhDbHBnv$H8IFZah4vBBYTZH6w', '2014-05-18', 0, 'swilliamson', 'Fred', 'Porter', 'fporter@innotype.org', 1, 0, '2011-02-15'),
(78, 'pbkdf2_sha256$12000$z6L1bhDbHBnv$H8IFZah4vBBYTZH6w', '2014-01-16', 1, 'shall', 'Jean', 'Thomas', 'jthomas@jetpulse.net', 1, 0, '2013-07-15'),
(79, 'pbkdf2_sha256$12000$z6L1bhDbHBnv$H8IFZah4vBBYTZH6w', '2014-06-18', 1, 'bwest', 'Scott', 'Jackson', 'sjackson@babbleopia.com', 0, 0, '2013-09-11'),
(80, 'pbkdf2_sha256$12000$z6L1bhDbHBnv$H8IFZah4vBBYTZH6w', '2014-02-10', 0, 'bschmidt', 'Jerry', 'Fowler', 'jfowler@devcast.biz', 1, 1, '2013-11-13'),
(81, 'pbkdf2_sha256$12000$z6L1bhDbHBnv$H8IFZah4vBBYTZH6w', '2014-06-27', 1, 'tmontgomery', 'Jonathan', 'Ramos', 'jramos@tazzy.biz', 0, 0, '2011-08-04'),
(82, 'pbkdf2_sha256$12000$z6L1bhDbHBnv$H8IFZah4vBBYTZH6w', '2014-03-21', 0, 'rcoleman', 'Kenneth', 'Murphy', 'kmurphy@cogidoo.org', 0, 1, '2012-09-24'),
(83, 'pbkdf2_sha256$12000$z6L1bhDbHBnv$H8IFZah4vBBYTZH6w', '2014-03-26', 1, 'mfuller', 'Donna', 'Watson', 'dwatson@skilith.edu', 0, 1, '2012-11-16'),
(84, 'pbkdf2_sha256$12000$z6L1bhDbHBnv$H8IFZah4vBBYTZH6w', '2014-07-03', 1, 'hedwards', 'Harry', 'Rodriguez', 'hrodriguez@edgeblab.mil', 1, 0, '2012-01-23'),
(85, 'pbkdf2_sha256$12000$z6L1bhDbHBnv$H8IFZah4vBBYTZH6w', '2014-03-25', 1, 'ncarter', 'Eric', 'Baker', 'ebaker@divape.info', 1, 0, '2011-08-28'),
(86, 'pbkdf2_sha256$12000$z6L1bhDbHBnv$H8IFZah4vBBYTZH6w', '2014-03-24', 1, 'jwest', 'Roy', 'Ryan', 'rryan@vimbo.biz', 1, 1, '2012-04-29'),
(87, 'pbkdf2_sha256$12000$z6L1bhDbHBnv$H8IFZah4vBBYTZH6w', '2014-06-04', 0, 'jscott', 'Ruby', 'Montgomery', 'rmontgomery@lazzy.name', 0, 1, '2012-05-28'),
(88, 'pbkdf2_sha256$12000$z6L1bhDbHBnv$H8IFZah4vBBYTZH6w', '2014-06-06', 0, 'bhicks', 'Melissa', 'Snyder', 'msnyder@blogtag.biz', 1, 1, '2011-09-01'),
(89, 'pbkdf2_sha256$12000$z6L1bhDbHBnv$H8IFZah4vBBYTZH6w', '2014-05-03', 1, 'crobinson', 'Walter', 'Thomas', 'wthomas@kayveo.gov', 0, 1, '2013-05-18'),
(90, 'pbkdf2_sha256$12000$z6L1bhDbHBnv$H8IFZah4vBBYTZH6w', '2014-04-24', 0, 'hhayes', 'Andrew', 'Woods', 'awoods@flashspan.biz', 0, 0, '2013-03-22'),
(91, 'pbkdf2_sha256$12000$z6L1bhDbHBnv$H8IFZah4vBBYTZH6w', '2014-02-07', 0, 'mwood', 'Anthony', 'Miller', 'amiller@thoughtbeat.gov', 1, 0, '2012-08-20'),
(92, 'pbkdf2_sha256$12000$z6L1bhDbHBnv$H8IFZah4vBBYTZH6w', '2014-05-27', 1, 'astevens', 'Joe', 'Lynch', 'jlynch@jaloo.net', 0, 1, '2011-05-17'),
(93, 'pbkdf2_sha256$12000$z6L1bhDbHBnv$H8IFZah4vBBYTZH6w', '2014-01-07', 0, 'hharvey', 'Katherine', 'Ortiz', 'kortiz@youfeed.org', 0, 0, '2011-07-12'),
(94, 'pbkdf2_sha256$12000$z6L1bhDbHBnv$H8IFZah4vBBYTZH6w', '2014-03-03', 1, 'kelliott', 'Ruby', 'Morris', 'rmorris@realbuzz.name', 1, 1, '2013-03-02'),
(95, 'pbkdf2_sha256$12000$z6L1bhDbHBnv$H8IFZah4vBBYTZH6w', '2014-01-14', 1, 'jwashington', 'Scott', 'Frazier', 'sfrazier@gabtype.info', 0, 0, '2013-04-11'),
(96, 'pbkdf2_sha256$12000$z6L1bhDbHBnv$H8IFZah4vBBYTZH6w', '2014-02-13', 1, 'cmeyer', 'Ralph', 'Garza', 'rgarza@flipopia.net', 1, 1, '2013-10-20'),
(97, 'pbkdf2_sha256$12000$z6L1bhDbHBnv$H8IFZah4vBBYTZH6w', '2014-06-12', 0, 'dharper', 'Mark', 'Kelly', 'mkelly@reallinks.com', 1, 1, '2012-07-05'),
(98, 'pbkdf2_sha256$12000$z6L1bhDbHBnv$H8IFZah4vBBYTZH6w', '2014-05-14', 1, 'rsimpson', 'Todd', 'Turner', 'tturner@gigaclub.edu', 1, 1, '2011-04-06'),
(99, 'pbkdf2_sha256$12000$z6L1bhDbHBnv$H8IFZah4vBBYTZH6w', '2014-07-01', 1, 'nbanks', 'Christopher', 'Shaw', 'cshaw@livez.info', 1, 1, '2013-01-30'),
(100, 'pbkdf2_sha256$12000$z6L1bhDbHBnv$H8IFZah4vBBYTZH6w', '2014-04-27', 0, 'jgray', 'Albert', 'Mcdonald', 'amcdonald@brainsphere.com', 0, 1, '2012-05-25'),
(101, 'pbkdf2_sha256$12000$z6L1bhDbHBnv$H8IFZah4vBBYTZH6w', '2014-05-05', 0, 'cperry', 'Fred', 'Jordan', 'fjordan@rhycero.org', 1, 0, '2012-11-29'),
(102, 'pbkdf2_sha256$12000$z6L1bhDbHBnv$H8IFZah4vBBYTZH6w', '2014-02-28', 1, 'kfrazier', 'Scott', 'Palmer', 'spalmer@youspan.com', 1, 0, '2013-03-27'),
(103, 'pbkdf2_sha256$12000$z6L1bhDbHBnv$H8IFZah4vBBYTZH6w', '2014-01-10', 0, 'dcook', 'Kathryn', 'Ray', 'kray@rhycero.com', 0, 0, '2013-12-11'),
(104, 'pbkdf2_sha256$12000$z6L1bhDbHBnv$H8IFZah4vBBYTZH6w', '2014-01-30', 0, 'ahayes', 'Karen', 'Burns', 'kburns@linklinks.gov', 0, 0, '2011-11-03'),
(105, 'pbkdf2_sha256$12000$z6L1bhDbHBnv$H8IFZah4vBBYTZH6w', '2014-01-11', 1, 'mlarson', 'Sarah', 'Walker', 'swalker@tanoodle.mil', 1, 1, '2011-08-31'),
(106, 'pbkdf2_sha256$12000$z6L1bhDbHBnv$H8IFZah4vBBYTZH6w', '2014-03-14', 1, 'lmurray', 'Judith', 'Rivera', 'jrivera@youfeed.org', 0, 0, '2011-06-10'),
(107, 'pbkdf2_sha256$12000$z6L1bhDbHBnv$H8IFZah4vBBYTZH6w', '2014-06-07', 1, 'cmontgomery', 'Teresa', 'Bailey', 'tbailey@twimbo.biz', 1, 1, '2013-01-05'),
(108, 'pbkdf2_sha256$12000$z6L1bhDbHBnv$H8IFZah4vBBYTZH6w', '2014-06-07', 1, 'swarren', 'Shawn', 'Sims', 'ssims@tazz.mil', 1, 1, '2011-01-29'),
(109, 'pbkdf2_sha256$12000$z6L1bhDbHBnv$H8IFZah4vBBYTZH6w', '2014-07-01', 0, 'rsanders', 'Alan', 'Mendoza', 'amendoza@avamba.info', 0, 0, '2013-03-18'),
(110, 'pbkdf2_sha256$12000$z6L1bhDbHBnv$H8IFZah4vBBYTZH6w', '2014-05-28', 0, 'csimmons', 'Judy', 'Stephens', 'jstephens@tagchat.net', 0, 0, '2013-08-21'),
(111, 'pbkdf2_sha256$12000$z6L1bhDbHBnv$H8IFZah4vBBYTZH6w', '2014-07-06', 1, 'pburke', 'Mary', 'Sanders', 'msanders@dynabox.gov', 1, 1, '2011-07-02'),
(112, 'pbkdf2_sha256$12000$z6L1bhDbHBnv$H8IFZah4vBBYTZH6w', '2014-06-11', 0, 'egordon', 'Donald', 'Adams', 'dadams@latz.edu', 1, 1, '2011-07-08'),
(113, 'pbkdf2_sha256$12000$z6L1bhDbHBnv$H8IFZah4vBBYTZH6w', '2014-07-19', 1, 'dgarza', 'Emily', 'Adams', 'eadams@zoomzone.gov', 1, 1, '2013-07-17'),
(114, 'pbkdf2_sha256$12000$z6L1bhDbHBnv$H8IFZah4vBBYTZH6w', '2014-05-23', 1, 'jreid', 'Douglas', 'Mills', 'dmills@yata.com', 1, 1, '2012-05-18'),
(115, 'pbkdf2_sha256$12000$z6L1bhDbHBnv$H8IFZah4vBBYTZH6w', '2014-02-12', 0, 'aroberts', 'Timothy', 'Hunter', 'thunter@skinder.mil', 1, 1, '2012-07-16'),
(116, 'pbkdf2_sha256$12000$z6L1bhDbHBnv$H8IFZah4vBBYTZH6w', '2014-06-05', 0, 'cpatterson', 'Jeffrey', 'Cox', 'jcox@topiczoom.info', 0, 1, '2012-07-19'),
(117, 'pbkdf2_sha256$12000$z6L1bhDbHBnv$H8IFZah4vBBYTZH6w', '2014-02-10', 1, 'preid', 'Pamela', 'Welch', 'pwelch@browsetype.net', 0, 1, '2012-11-30'),
(118, 'pbkdf2_sha256$12000$z6L1bhDbHBnv$H8IFZah4vBBYTZH6w', '2014-03-13', 0, 'rmurphy', 'Andrew', 'Cruz', 'acruz@dablist.com', 0, 0, '2011-04-23'),
(119, 'pbkdf2_sha256$12000$z6L1bhDbHBnv$H8IFZah4vBBYTZH6w', '2014-03-04', 1, 'lhughes', 'Marilyn', 'Gonzalez', 'mgonzalez@thoughtmix.biz', 1, 0, '2013-05-03'),
(120, 'pbkdf2_sha256$12000$z6L1bhDbHBnv$H8IFZah4vBBYTZH6w', '2014-03-08', 1, 'bbell', 'Frank', 'Jacobs', 'fjacobs@eimbee.org', 1, 0, '2012-04-09'),
(121, 'pbkdf2_sha256$12000$z6L1bhDbHBnv$H8IFZah4vBBYTZH6w', '2014-07-13', 1, 'jwest', 'Bonnie', 'Armstrong', 'barmstrong@chatterpoint.mil', 0, 1, '2013-11-28'),
(122, 'pbkdf2_sha256$12000$z6L1bhDbHBnv$H8IFZah4vBBYTZH6w', '2014-07-10', 1, 'ccruz', 'Albert', 'Ford', 'aford@gevee.com', 0, 1, '2012-05-29'),
(123, 'pbkdf2_sha256$12000$z6L1bhDbHBnv$H8IFZah4vBBYTZH6w', '2014-06-07', 0, 'acarpenter', 'Evelyn', 'Cole', 'ecole@bubbletube.edu', 1, 1, '2011-04-09'),
(124, 'pbkdf2_sha256$12000$z6L1bhDbHBnv$H8IFZah4vBBYTZH6w', '2014-06-27', 1, 'prose', 'Lisa', 'Hill', 'lhill@tazz.info', 1, 1, '2013-04-28'),
(125, 'pbkdf2_sha256$12000$z6L1bhDbHBnv$H8IFZah4vBBYTZH6w', '2014-07-12', 1, 'cwhite', 'Carlos', 'Stanley', 'cstanley@leexo.mil', 0, 1, '2012-09-21'),
(126, 'pbkdf2_sha256$12000$z6L1bhDbHBnv$H8IFZah4vBBYTZH6w', '2014-04-22', 0, 'kmitchell', 'Rose', 'Ford', 'rford@gevee.org', 0, 0, '2013-03-17'),
(127, 'pbkdf2_sha256$12000$z6L1bhDbHBnv$H8IFZah4vBBYTZH6w', '2014-07-08', 0, 'dhanson', 'Stephanie', 'Rice', 'srice@wikido.gov', 0, 1, '2011-12-26'),
(128, 'pbkdf2_sha256$12000$z6L1bhDbHBnv$H8IFZah4vBBYTZH6w', '2014-02-21', 0, 'rkelley', 'Ernest', 'Morgan', 'emorgan@chatterbridge.mil', 1, 0, '2013-07-28'),
(129, 'pbkdf2_sha256$12000$z6L1bhDbHBnv$H8IFZah4vBBYTZH6w', '2014-05-06', 1, 'rcarroll', 'Janice', 'Ramos', 'jramos@youopia.biz', 1, 0, '2011-09-07'),
(130, 'pbkdf2_sha256$12000$z6L1bhDbHBnv$H8IFZah4vBBYTZH6w', '2014-02-08', 0, 'erobinson', 'Kathryn', 'Richardson', 'krichardson@zoomlounge.name', 1, 0, '2012-08-09'),
(131, 'pbkdf2_sha256$12000$z6L1bhDbHBnv$H8IFZah4vBBYTZH6w', '2014-01-05', 0, 'jkennedy', 'Gregory', 'Berry', 'gberry@browsebug.mil', 0, 1, '2012-11-09'),
(132, 'pbkdf2_sha256$12000$z6L1bhDbHBnv$H8IFZah4vBBYTZH6w', '2014-02-21', 0, 'gcarter', 'Walter', 'Cruz', 'wcruz@wordtune.biz', 1, 0, '2013-08-11'),
(133, 'pbkdf2_sha256$12000$z6L1bhDbHBnv$H8IFZah4vBBYTZH6w', '2014-06-26', 1, 'jsanders', 'Steven', 'Robinson', 'srobinson@skalith.biz', 0, 1, '2013-02-06'),
(134, 'pbkdf2_sha256$12000$z6L1bhDbHBnv$H8IFZah4vBBYTZH6w', '2014-06-12', 0, 'jgrant', 'Matthew', 'Harper', 'mharper@youspan.biz', 0, 0, '2012-02-28'),
(135, 'pbkdf2_sha256$12000$z6L1bhDbHBnv$H8IFZah4vBBYTZH6w', '2014-02-16', 0, 'bhill', 'Nancy', 'Perry', 'nperry@devshare.biz', 0, 1, '2011-05-30'),
(136, 'pbkdf2_sha256$12000$z6L1bhDbHBnv$H8IFZah4vBBYTZH6w', '2014-03-16', 0, 'tgomez', 'Walter', 'Snyder', 'wsnyder@feedmix.org', 1, 1, '2012-07-27'),
(137, 'pbkdf2_sha256$12000$z6L1bhDbHBnv$H8IFZah4vBBYTZH6w', '2014-02-18', 1, 'jharris', 'Mary', 'Payne', 'mpayne@jaxbean.mil', 0, 0, '2013-03-14'),
(138, 'pbkdf2_sha256$12000$z6L1bhDbHBnv$H8IFZah4vBBYTZH6w', '2014-06-26', 0, 'sthompson', 'Cheryl', 'Campbell', 'ccampbell@meevee.info', 0, 1, '2013-03-14'),
(139, 'pbkdf2_sha256$12000$z6L1bhDbHBnv$H8IFZah4vBBYTZH6w', '2014-02-27', 0, 'hrivera', 'Debra', 'Chavez', 'dchavez@omba.com', 1, 0, '2011-02-25'),
(140, 'pbkdf2_sha256$12000$z6L1bhDbHBnv$H8IFZah4vBBYTZH6w', '2014-02-19', 0, 'rbell', 'Diana', 'Lynch', 'dlynch@skidoo.mil', 1, 1, '2013-06-10'),
(141, 'pbkdf2_sha256$12000$z6L1bhDbHBnv$H8IFZah4vBBYTZH6w', '2014-07-15', 1, 'mhart', 'Roger', 'Baker', 'rbaker@zoovu.net', 1, 1, '2013-03-05'),
(142, 'pbkdf2_sha256$12000$z6L1bhDbHBnv$H8IFZah4vBBYTZH6w', '2014-06-27', 0, 'jburke', 'Karen', 'Wagner', 'kwagner@trilia.mil', 1, 1, '2013-12-29'),
(143, 'pbkdf2_sha256$12000$z6L1bhDbHBnv$H8IFZah4vBBYTZH6w', '2014-06-21', 0, 'sgrant', 'Susan', 'Moreno', 'smoreno@rhyloo.gov', 1, 0, '2012-04-22'),
(144, 'pbkdf2_sha256$12000$z6L1bhDbHBnv$H8IFZah4vBBYTZH6w', '2014-03-30', 0, 'aoliver', 'Helen', 'Roberts', 'hroberts@skyba.mil', 0, 1, '2011-01-01'),
(145, 'pbkdf2_sha256$12000$z6L1bhDbHBnv$H8IFZah4vBBYTZH6w', '2014-05-06', 0, 'fperkins', 'Stephen', 'Rivera', 'srivera@meembee.com', 0, 0, '2011-04-10'),
(146, 'pbkdf2_sha256$12000$z6L1bhDbHBnv$H8IFZah4vBBYTZH6w', '2014-04-07', 0, 'bgraham', 'Daniel', 'Flores', 'dflores@myworks.mil', 1, 0, '2013-03-18'),
(147, 'pbkdf2_sha256$12000$z6L1bhDbHBnv$H8IFZah4vBBYTZH6w', '2014-05-07', 0, 'cpeters', 'Catherine', 'Green', 'cgreen@divape.info', 0, 1, '2011-11-06'),
(148, 'pbkdf2_sha256$12000$z6L1bhDbHBnv$H8IFZah4vBBYTZH6w', '2014-07-14', 1, 'pburton', 'Gregory', 'Jordan', 'gjordan@zoombox.name', 1, 0, '2013-06-02'),
(149, 'pbkdf2_sha256$12000$z6L1bhDbHBnv$H8IFZah4vBBYTZH6w', '2014-05-21', 0, 'hromero', 'Mildred', 'Nelson', 'mnelson@tagfeed.name', 0, 1, '2013-08-05'),
(150, 'pbkdf2_sha256$12000$z6L1bhDbHBnv$H8IFZah4vBBYTZH6w', '2014-06-16', 1, 'csnyder', 'Carlos', 'Kim', 'ckim@photobug.net', 1, 0, '2012-05-08'),
(151, 'pbkdf2_sha256$12000$z6L1bhDbHBnv$H8IFZah4vBBYTZH6w', '2014-07-12', 1, 'bwarren', 'Philip', 'West', 'pwest@eayo.gov', 1, 1, '2013-09-19'),
(152, 'pbkdf2_sha256$12000$z6L1bhDbHBnv$H8IFZah4vBBYTZH6w', '2014-04-04', 1, 'scole', 'Heather', 'Cox', 'hcox@skalith.org', 0, 1, '2012-12-02'),
(153, 'pbkdf2_sha256$12000$z6L1bhDbHBnv$H8IFZah4vBBYTZH6w', '2014-05-14', 0, 'jrichardson', 'Katherine', 'Wheeler', 'kwheeler@buzzshare.info', 0, 0, '2012-05-04'),
(154, 'pbkdf2_sha256$12000$z6L1bhDbHBnv$H8IFZah4vBBYTZH6w', '2014-05-18', 0, 'jwest', 'Christina', 'Jackson', 'cjackson@gigazoom.gov', 0, 1, '2012-11-12'),
(155, 'pbkdf2_sha256$12000$z6L1bhDbHBnv$H8IFZah4vBBYTZH6w', '2014-02-01', 0, 'kmcdonald', 'Robert', 'Sanders', 'rsanders@jaxbean.edu', 1, 0, '2012-02-18'),
(156, 'pbkdf2_sha256$12000$z6L1bhDbHBnv$H8IFZah4vBBYTZH6w', '2014-04-29', 1, 'lberry', 'Scott', 'Larson', 'slarson@wikido.biz', 0, 0, '2011-02-01'),
(157, 'pbkdf2_sha256$12000$z6L1bhDbHBnv$H8IFZah4vBBYTZH6w', '2014-05-25', 1, 'wfox', 'Paula', 'James', 'pjames@skyble.net', 1, 0, '2011-12-19'),
(158, 'pbkdf2_sha256$12000$z6L1bhDbHBnv$H8IFZah4vBBYTZH6w', '2014-07-05', 1, 'vfowler', 'Stephen', 'Harrison', 'sharrison@zoonoodle.biz', 1, 0, '2013-03-26'),
(159, 'pbkdf2_sha256$12000$z6L1bhDbHBnv$H8IFZah4vBBYTZH6w', '2014-02-25', 0, 'eallen', 'Nicole', 'Ward', 'nward@geba.mil', 1, 0, '2011-06-21'),
(160, 'pbkdf2_sha256$12000$z6L1bhDbHBnv$H8IFZah4vBBYTZH6w', '2014-04-21', 1, 'staylor', 'Martin', 'Wells', 'mwells@wordify.net', 1, 1, '2013-02-23'),
(161, 'pbkdf2_sha256$12000$z6L1bhDbHBnv$H8IFZah4vBBYTZH6w', '2014-04-22', 1, 'kpatterson', 'James', 'Gray', 'jgray@photojam.info', 0, 1, '2011-02-07'),
(162, 'pbkdf2_sha256$12000$z6L1bhDbHBnv$H8IFZah4vBBYTZH6w', '2014-03-29', 1, 'afrazier', 'Lori', 'Thomas', 'lthomas@aibox.com', 0, 0, '2012-04-09'),
(163, 'pbkdf2_sha256$12000$z6L1bhDbHBnv$H8IFZah4vBBYTZH6w', '2014-03-12', 0, 'dwilliams', 'Ralph', 'Watson', 'rwatson@zoonoodle.mil', 0, 0, '2012-06-04'),
(164, 'pbkdf2_sha256$12000$z6L1bhDbHBnv$H8IFZah4vBBYTZH6w', '2014-05-23', 1, 'swilson', 'Phillip', 'Kennedy', 'pkennedy@riffpath.org', 1, 0, '2011-02-03'),
(165, 'pbkdf2_sha256$12000$z6L1bhDbHBnv$H8IFZah4vBBYTZH6w', '2014-05-16', 1, 'jwoods', 'Timothy', 'Ellis', 'tellis@yakijo.gov', 0, 0, '2012-06-25'),
(166, 'pbkdf2_sha256$12000$z6L1bhDbHBnv$H8IFZah4vBBYTZH6w', '2014-03-04', 0, 'wspencer', 'James', 'Collins', 'jcollins@tagcat.edu', 0, 1, '2011-10-29'),
(167, 'pbkdf2_sha256$12000$z6L1bhDbHBnv$H8IFZah4vBBYTZH6w', '2014-06-04', 0, 'rsimmons', 'Roger', 'Lopez', 'rlopez@pixope.info', 1, 1, '2013-09-17'),
(168, 'pbkdf2_sha256$12000$z6L1bhDbHBnv$H8IFZah4vBBYTZH6w', '2014-01-28', 1, 'ccampbell', 'Janet', 'Fowler', 'jfowler@browsecat.gov', 1, 0, '2011-01-22'),
(169, 'pbkdf2_sha256$12000$z6L1bhDbHBnv$H8IFZah4vBBYTZH6w', '2014-02-27', 0, 'jthompson', 'Lois', 'Rose', 'lrose@jabbercube.net', 1, 0, '2011-02-09'),
(170, 'pbkdf2_sha256$12000$z6L1bhDbHBnv$H8IFZah4vBBYTZH6w', '2014-07-21', 1, 'jbryant', 'Kathryn', 'Chavez', 'kchavez@babbleopia.gov', 1, 0, '2013-07-22'),
(171, 'pbkdf2_sha256$12000$z6L1bhDbHBnv$H8IFZah4vBBYTZH6w', '2014-05-20', 0, 'mcarr', 'Frances', 'Butler', 'fbutler@flipstorm.name', 0, 0, '2012-08-24'),
(172, 'pbkdf2_sha256$12000$z6L1bhDbHBnv$H8IFZah4vBBYTZH6w', '2014-02-09', 1, 'bgordon', 'Joseph', 'Fisher', 'jfisher@trilith.net', 0, 1, '2011-03-30'),
(173, 'pbkdf2_sha256$12000$z6L1bhDbHBnv$H8IFZah4vBBYTZH6w', '2014-05-06', 1, 'pdavis', 'Ryan', 'Freeman', 'rfreeman@kaymbo.gov', 0, 1, '2013-10-24'),
(174, 'pbkdf2_sha256$12000$z6L1bhDbHBnv$H8IFZah4vBBYTZH6w', '2014-01-19', 0, 'jhughes', 'Christine', 'Frazier', 'cfrazier@riffwire.org', 1, 0, '2012-08-28'),
(175, 'pbkdf2_sha256$12000$z6L1bhDbHBnv$H8IFZah4vBBYTZH6w', '2014-06-23', 0, 'cbaker', 'Sarah', 'Campbell', 'scampbell@brainlounge.mil', 1, 0, '2012-07-06'),
(176, 'pbkdf2_sha256$12000$z6L1bhDbHBnv$H8IFZah4vBBYTZH6w', '2014-01-31', 0, 'pnguyen', 'Rebecca', 'Jenkins', 'rjenkins@riffpath.biz', 1, 0, '2013-03-12'),
(177, 'pbkdf2_sha256$12000$z6L1bhDbHBnv$H8IFZah4vBBYTZH6w', '2014-05-11', 1, 'swilliamson', 'Antonio', 'Alexander', 'aalexander@nlounge.mil', 0, 1, '2011-06-23'),
(178, 'pbkdf2_sha256$12000$z6L1bhDbHBnv$H8IFZah4vBBYTZH6w', '2014-04-02', 1, 'jwilliams', 'Walter', 'Wheeler', 'wwheeler@oloo.net', 0, 0, '2013-06-21'),
(179, 'pbkdf2_sha256$12000$z6L1bhDbHBnv$H8IFZah4vBBYTZH6w', '2014-06-07', 1, 'jellis', 'Maria', 'Ross', 'mross@zooxo.com', 1, 1, '2011-05-04'),
(180, 'pbkdf2_sha256$12000$z6L1bhDbHBnv$H8IFZah4vBBYTZH6w', '2014-01-27', 0, 'jclark', 'Annie', 'Fields', 'afields@thoughtstorm.gov', 0, 1, '2011-04-21'),
(181, 'pbkdf2_sha256$12000$z6L1bhDbHBnv$H8IFZah4vBBYTZH6w', '2014-07-19', 0, 'ewright', 'Lois', 'Carter', 'lcarter@topicshots.gov', 0, 0, '2011-09-05'),
(182, 'pbkdf2_sha256$12000$z6L1bhDbHBnv$H8IFZah4vBBYTZH6w', '2014-04-01', 1, 'jperez', 'Steven', 'Reyes', 'sreyes@oozz.info', 0, 1, '2013-05-19'),
(183, 'pbkdf2_sha256$12000$z6L1bhDbHBnv$H8IFZah4vBBYTZH6w', '2014-06-30', 1, 'kthomas', 'Jennifer', 'Johnston', 'jjohnston@photolist.gov', 1, 1, '2013-06-02'),
(184, 'pbkdf2_sha256$12000$z6L1bhDbHBnv$H8IFZah4vBBYTZH6w', '2014-05-10', 0, 'jlane', 'Margaret', 'Fox', 'mfox@meemm.com', 1, 0, '2013-10-20'),
(185, 'pbkdf2_sha256$12000$z6L1bhDbHBnv$H8IFZah4vBBYTZH6w', '2014-06-14', 0, 'lmorgan', 'Beverly', 'Coleman', 'bcoleman@kwimbee.name', 1, 0, '2012-09-10'),
(186, 'pbkdf2_sha256$12000$z6L1bhDbHBnv$H8IFZah4vBBYTZH6w', '2014-01-23', 0, 'jbutler', 'Phillip', 'Miller', 'pmiller@skyba.name', 1, 1, '2012-06-15'),
(187, 'pbkdf2_sha256$12000$z6L1bhDbHBnv$H8IFZah4vBBYTZH6w', '2014-03-09', 1, 'rholmes', 'Brenda', 'Austin', 'baustin@youspan.net', 1, 1, '2011-12-28'),
(188, 'pbkdf2_sha256$12000$z6L1bhDbHBnv$H8IFZah4vBBYTZH6w', '2014-06-23', 0, 'tday', 'Virginia', 'Lewis', 'vlewis@dabshots.biz', 1, 1, '2011-02-16'),
(189, 'pbkdf2_sha256$12000$z6L1bhDbHBnv$H8IFZah4vBBYTZH6w', '2014-03-15', 1, 'rwhite', 'Donald', 'James', 'djames@yotz.name', 0, 0, '2012-05-11'),
(190, 'pbkdf2_sha256$12000$z6L1bhDbHBnv$H8IFZah4vBBYTZH6w', '2014-04-08', 0, 'mmoreno', 'Charles', 'Banks', 'cbanks@voonyx.org', 0, 1, '2012-05-09'),
(191, 'pbkdf2_sha256$12000$z6L1bhDbHBnv$H8IFZah4vBBYTZH6w', '2014-04-20', 0, 'aparker', 'Gregory', 'Torres', 'gtorres@riffwire.biz', 0, 0, '2013-04-16'),
(192, 'pbkdf2_sha256$12000$z6L1bhDbHBnv$H8IFZah4vBBYTZH6w', '2014-02-08', 0, 'jlane', 'Kelly', 'Hall', 'khall@blognation.com', 1, 0, '2012-12-09'),
(193, 'pbkdf2_sha256$12000$z6L1bhDbHBnv$H8IFZah4vBBYTZH6w', '2014-02-25', 1, 'tgonzalez', 'Ryan', 'Scott', 'rscott@midel.mil', 1, 0, '2012-04-10'),
(194, 'pbkdf2_sha256$12000$z6L1bhDbHBnv$H8IFZah4vBBYTZH6w', '2014-05-25', 1, 'wgraham', 'Bobby', 'Riley', 'briley@flashspan.info', 1, 1, '2011-10-12'),
(195, 'pbkdf2_sha256$12000$z6L1bhDbHBnv$H8IFZah4vBBYTZH6w', '2014-01-17', 1, 'jjones', 'Brian', 'Parker', 'bparker@voomm.gov', 1, 1, '2013-04-16'),
(196, 'pbkdf2_sha256$12000$z6L1bhDbHBnv$H8IFZah4vBBYTZH6w', '2014-03-25', 0, 'ewashington', 'Roy', 'Morrison', 'rmorrison@linktype.edu', 0, 0, '2011-10-22'),
(197, 'pbkdf2_sha256$12000$z6L1bhDbHBnv$H8IFZah4vBBYTZH6w', '2014-04-07', 1, 'estanley', 'Katherine', 'Hall', 'khall@zoombeat.mil', 0, 0, '2012-11-29'),
(198, 'pbkdf2_sha256$12000$z6L1bhDbHBnv$H8IFZah4vBBYTZH6w', '2014-06-06', 1, 'mandrews', 'Joan', 'Hunter', 'jhunter@trilia.org', 0, 1, '2012-11-26'),
(199, 'pbkdf2_sha256$12000$z6L1bhDbHBnv$H8IFZah4vBBYTZH6w', '2014-06-03', 1, 'bkim', 'Martin', 'Reed', 'mreed@divavu.info', 0, 1, '2011-07-07'),
(200, 'pbkdf2_sha256$12000$z6L1bhDbHBnv$H8IFZah4vBBYTZH6w', '2014-06-22', 0, 'bfrazier', 'Jesse', 'Black', 'jblack@zoonoodle.info', 0, 1, '2012-06-27'),
(201, 'pbkdf2_sha256$12000$z6L1bhDbHBnv$H8IFZah4vBBYTZH6w', '2014-01-08', 0, 'clawrence', 'Steven', 'Lawrence', 'slawrence@eazzy.biz', 0, 1, '2012-01-20'),
(202, 'pbkdf2_sha256$12000$z6L1bhDbHBnv$H8IFZah4vBBYTZH6w', '2014-03-13', 0, 'rhanson', 'Nicole', 'Lynch', 'nlynch@brainfire.com', 1, 1, '2011-06-11'),
(203, 'pbkdf2_sha256$12000$z6L1bhDbHBnv$H8IFZah4vBBYTZH6w', '2014-03-16', 0, 'ecunningham', 'Laura', 'Bowman', 'lbowman@meejo.info', 1, 0, '2013-02-16'),
(204, 'pbkdf2_sha256$12000$z6L1bhDbHBnv$H8IFZah4vBBYTZH6w', '2014-03-26', 1, 'dstanley', 'James', 'Rivera', 'jrivera@zoovu.mil', 0, 1, '2013-03-06'),
(205, 'pbkdf2_sha256$12000$z6L1bhDbHBnv$H8IFZah4vBBYTZH6w', '2014-07-15', 0, 'gdunn', 'Douglas', 'Harvey', 'dharvey@trupe.net', 1, 1, '2011-10-03'),
(206, 'pbkdf2_sha256$12000$z6L1bhDbHBnv$H8IFZah4vBBYTZH6w', '2014-06-08', 0, 'dandrews', 'Jane', 'Hernandez', 'jhernandez@twinder.edu', 0, 0, '2013-07-04'),
(207, 'pbkdf2_sha256$12000$z6L1bhDbHBnv$H8IFZah4vBBYTZH6w', '2014-07-01', 0, 'manderson', 'Helen', 'Hughes', 'hhughes@rhynyx.mil', 0, 1, '2013-03-12'),
(208, 'pbkdf2_sha256$12000$z6L1bhDbHBnv$H8IFZah4vBBYTZH6w', '2014-06-22', 1, 'sdiaz', 'Christine', 'James', 'cjames@realfire.name', 1, 0, '2013-09-17'),
(209, 'pbkdf2_sha256$12000$z6L1bhDbHBnv$H8IFZah4vBBYTZH6w', '2014-01-07', 0, 'rcruz', 'Virginia', 'Carroll', 'vcarroll@brainlounge.name', 1, 0, '2012-07-12'),
(210, 'pbkdf2_sha256$12000$z6L1bhDbHBnv$H8IFZah4vBBYTZH6w', '2014-04-07', 1, 'tbowman', 'Jerry', 'Johnston', 'jjohnston@skilith.mil', 1, 0, '2012-05-28'),
(211, 'pbkdf2_sha256$12000$z6L1bhDbHBnv$H8IFZah4vBBYTZH6w', '2014-04-22', 0, 'jjohnson', 'Teresa', 'Graham', 'tgraham@camido.edu', 0, 1, '2013-07-04'),
(212, 'pbkdf2_sha256$12000$z6L1bhDbHBnv$H8IFZah4vBBYTZH6w', '2014-05-03', 1, 'jgonzalez', 'Charles', 'Gilbert', 'cgilbert@twitterworks.biz', 1, 0, '2012-08-20'),
(213, 'pbkdf2_sha256$12000$z6L1bhDbHBnv$H8IFZah4vBBYTZH6w', '2014-03-16', 1, 'jjohnston', 'Kathleen', 'Price', 'kprice@plajo.mil', 0, 0, '2011-03-21'),
(214, 'pbkdf2_sha256$12000$z6L1bhDbHBnv$H8IFZah4vBBYTZH6w', '2014-06-29', 1, 'jmccoy', 'Jane', 'Porter', 'jporter@meedoo.com', 1, 1, '2011-02-24'),
(215, 'pbkdf2_sha256$12000$z6L1bhDbHBnv$H8IFZah4vBBYTZH6w', '2014-02-20', 1, 'sjones', 'Carlos', 'Hansen', 'chansen@skipfire.edu', 0, 0, '2012-08-14'),
(216, 'pbkdf2_sha256$12000$z6L1bhDbHBnv$H8IFZah4vBBYTZH6w', '2014-05-02', 0, 'framos', 'Bonnie', 'Coleman', 'bcoleman@avamba.biz', 1, 0, '2012-04-09'),
(217, 'pbkdf2_sha256$12000$z6L1bhDbHBnv$H8IFZah4vBBYTZH6w', '2014-04-13', 1, 'fwhite', 'Ernest', 'Richards', 'erichards@twitterlist.info', 0, 0, '2011-12-14'),
(218, 'pbkdf2_sha256$12000$z6L1bhDbHBnv$H8IFZah4vBBYTZH6w', '2014-05-24', 0, 'fcooper', 'Louis', 'Ross', 'lross@skyba.net', 0, 1, '2011-08-11'),
(219, 'pbkdf2_sha256$12000$z6L1bhDbHBnv$H8IFZah4vBBYTZH6w', '2014-04-17', 0, 'lstanley', 'Jason', 'Jenkins', 'jjenkins@edgeify.name', 1, 1, '2012-10-24'),
(220, 'pbkdf2_sha256$12000$z6L1bhDbHBnv$H8IFZah4vBBYTZH6w', '2014-01-28', 0, 'pandrews', 'Jessica', 'Mason', 'jmason@blogpad.biz', 0, 0, '2011-02-16'),
(221, 'pbkdf2_sha256$12000$z6L1bhDbHBnv$H8IFZah4vBBYTZH6w', '2014-05-31', 0, 'jmyers', 'Patrick', 'Wilson', 'pwilson@gabspot.org', 0, 1, '2012-09-22'),
(222, 'pbkdf2_sha256$12000$z6L1bhDbHBnv$H8IFZah4vBBYTZH6w', '2014-03-14', 0, 'bbrooks', 'Phyllis', 'Moreno', 'pmoreno@twimbo.org', 0, 1, '2012-01-30'),
(223, 'pbkdf2_sha256$12000$z6L1bhDbHBnv$H8IFZah4vBBYTZH6w', '2014-01-31', 1, 'mkennedy', 'Justin', 'Wells', 'jwells@linkbuzz.biz', 1, 1, '2012-06-12'),
(224, 'pbkdf2_sha256$12000$z6L1bhDbHBnv$H8IFZah4vBBYTZH6w', '2014-06-20', 1, 'snichols', 'Christopher', 'Ellis', 'cellis@topicware.mil', 1, 1, '2012-12-21'),
(225, 'pbkdf2_sha256$12000$z6L1bhDbHBnv$H8IFZah4vBBYTZH6w', '2014-04-14', 0, 'rgardner', 'Amy', 'Jackson', 'ajackson@browsebug.info', 1, 0, '2013-12-25'),
(226, 'pbkdf2_sha256$12000$z6L1bhDbHBnv$H8IFZah4vBBYTZH6w', '2014-07-13', 0, 'ccarr', 'Peter', 'Kim', 'pkim@realpoint.net', 1, 1, '2011-11-01'),
(227, 'pbkdf2_sha256$12000$z6L1bhDbHBnv$H8IFZah4vBBYTZH6w', '2014-04-22', 0, 'creed', 'Rachel', 'Snyder', 'rsnyder@aivee.com', 0, 0, '2013-09-08'),
(228, 'pbkdf2_sha256$12000$z6L1bhDbHBnv$H8IFZah4vBBYTZH6w', '2014-04-18', 0, 'rsanchez', 'Bobby', 'Hamilton', 'bhamilton@jaxspan.net', 1, 0, '2012-10-02'),
(229, 'pbkdf2_sha256$12000$z6L1bhDbHBnv$H8IFZah4vBBYTZH6w', '2014-02-17', 1, 'bbanks', 'Emily', 'Austin', 'eaustin@quaxo.org', 1, 0, '2013-12-08'),
(230, 'pbkdf2_sha256$12000$z6L1bhDbHBnv$H8IFZah4vBBYTZH6w', '2014-01-29', 1, 'snichols', 'Jose', 'Mendoza', 'jmendoza@lazzy.edu', 1, 0, '2012-07-18'),
(231, 'pbkdf2_sha256$12000$z6L1bhDbHBnv$H8IFZah4vBBYTZH6w', '2014-05-21', 0, 'eharvey', 'Laura', 'Holmes', 'lholmes@youspan.edu', 0, 1, '2012-06-11'),
(232, 'pbkdf2_sha256$12000$z6L1bhDbHBnv$H8IFZah4vBBYTZH6w', '2014-01-19', 0, 'mrichards', 'Charles', 'Freeman', 'cfreeman@divape.name', 1, 1, '2013-04-23'),
(233, 'pbkdf2_sha256$12000$z6L1bhDbHBnv$H8IFZah4vBBYTZH6w', '2014-02-04', 1, 'mross', 'Victor', 'Morgan', 'vmorgan@yotz.mil', 0, 1, '2012-12-27'),
(234, 'pbkdf2_sha256$12000$z6L1bhDbHBnv$H8IFZah4vBBYTZH6w', '2014-06-16', 0, 'fkelley', 'Bonnie', 'Armstrong', 'barmstrong@kayveo.edu', 0, 1, '2011-07-28'),
(235, 'pbkdf2_sha256$12000$z6L1bhDbHBnv$H8IFZah4vBBYTZH6w', '2014-02-03', 1, 'mtaylor', 'Harold', 'Reed', 'hreed@gabtype.gov', 0, 1, '2013-11-07'),
(236, 'pbkdf2_sha256$12000$z6L1bhDbHBnv$H8IFZah4vBBYTZH6w', '2014-07-18', 0, 'hcastillo', 'Frank', 'Rivera', 'frivera@quinu.gov', 0, 0, '2011-01-29'),
(237, 'pbkdf2_sha256$12000$z6L1bhDbHBnv$H8IFZah4vBBYTZH6w', '2014-06-08', 0, 'thughes', 'Rebecca', 'Wallace', 'rwallace@jatri.mil', 1, 1, '2013-01-22'),
(238, 'pbkdf2_sha256$12000$z6L1bhDbHBnv$H8IFZah4vBBYTZH6w', '2014-01-25', 0, 'whenderson', 'Albert', 'Green', 'agreen@lazz.biz', 1, 1, '2011-07-05'),
(239, 'pbkdf2_sha256$12000$z6L1bhDbHBnv$H8IFZah4vBBYTZH6w', '2014-03-03', 0, 'rclark', 'Martha', 'Ortiz', 'mortiz@wordify.biz', 1, 0, '2013-04-18'),
(240, 'pbkdf2_sha256$12000$z6L1bhDbHBnv$H8IFZah4vBBYTZH6w', '2014-04-03', 0, 'pmoreno', 'Harold', 'Hicks', 'hhicks@zoozzy.name', 1, 1, '2011-10-12'),
(241, 'pbkdf2_sha256$12000$z6L1bhDbHBnv$H8IFZah4vBBYTZH6w', '2014-05-27', 0, 'jmason', 'Adam', 'Rivera', 'arivera@eimbee.com', 0, 0, '2011-10-27'),
(242, 'pbkdf2_sha256$12000$z6L1bhDbHBnv$H8IFZah4vBBYTZH6w', '2014-02-11', 1, 'hgreen', 'Jean', 'Smith', 'jsmith@pixoboo.biz', 0, 0, '2013-02-25'),
(243, 'pbkdf2_sha256$12000$z6L1bhDbHBnv$H8IFZah4vBBYTZH6w', '2014-02-26', 1, 'jbrooks', 'Clarence', 'Lopez', 'clopez@trupe.info', 1, 0, '2013-02-14'),
(244, 'pbkdf2_sha256$12000$z6L1bhDbHBnv$H8IFZah4vBBYTZH6w', '2014-06-16', 0, 'jharris', 'Angela', 'Payne', 'apayne@jetwire.biz', 0, 0, '2011-07-23'),
(245, 'pbkdf2_sha256$12000$z6L1bhDbHBnv$H8IFZah4vBBYTZH6w', '2014-01-05', 1, 'dboyd', 'Matthew', 'Woods', 'mwoods@topicstorm.org', 1, 1, '2011-02-12'),
(246, 'pbkdf2_sha256$12000$z6L1bhDbHBnv$H8IFZah4vBBYTZH6w', '2014-02-08', 1, 'swilliams', 'Steven', 'Frazier', 'sfrazier@voonte.gov', 1, 0, '2012-12-02'),
(247, 'pbkdf2_sha256$12000$z6L1bhDbHBnv$H8IFZah4vBBYTZH6w', '2014-06-28', 0, 'mramos', 'Carlos', 'Ruiz', 'cruiz@blogtag.com', 0, 1, '2013-01-09'),
(248, 'pbkdf2_sha256$12000$z6L1bhDbHBnv$H8IFZah4vBBYTZH6w', '2014-03-18', 1, 'rwebb', 'Phillip', 'Cole', 'pcole@browsebug.gov', 0, 0, '2013-12-14'),
(249, 'pbkdf2_sha256$12000$z6L1bhDbHBnv$H8IFZah4vBBYTZH6w', '2014-05-19', 1, 'jmiller', 'Scott', 'Duncan', 'sduncan@gabvine.edu', 0, 1, '2012-10-24'),
(250, 'pbkdf2_sha256$12000$z6L1bhDbHBnv$H8IFZah4vBBYTZH6w', '2014-03-04', 1, 'jsanders', 'Norma', 'Fernandez', 'nfernandez@reallinks.biz', 1, 0, '2011-01-14'),
(251, 'pbkdf2_sha256$12000$z6L1bhDbHBnv$H8IFZah4vBBYTZH6w', '2014-06-18', 0, 'asims', 'Shawn', 'Day', 'sday@wikibox.com', 0, 0, '2011-08-21'),
(252, 'pbkdf2_sha256$12000$z6L1bhDbHBnv$H8IFZah4vBBYTZH6w', '2014-01-02', 0, 'clee', 'Norma', 'Stephens', 'nstephens@tazzy.name', 0, 1, '2013-04-14'),
(253, 'pbkdf2_sha256$12000$z6L1bhDbHBnv$H8IFZah4vBBYTZH6w', '2014-02-16', 1, 'mrivera', 'Terry', 'Wright', 'twright@oyondu.com', 0, 1, '2013-02-07'),
(254, 'pbkdf2_sha256$12000$z6L1bhDbHBnv$H8IFZah4vBBYTZH6w', '2014-05-26', 0, 'jdavis', 'Carlos', 'Watkins', 'cwatkins@buzzbean.mil', 1, 1, '2012-04-01'),
(255, 'pbkdf2_sha256$12000$z6L1bhDbHBnv$H8IFZah4vBBYTZH6w', '2014-03-11', 1, 'jwilson', 'Kathy', 'Fowler', 'kfowler@youbridge.org', 0, 1, '2012-10-03'),
(256, 'pbkdf2_sha256$12000$z6L1bhDbHBnv$H8IFZah4vBBYTZH6w', '2014-07-06', 0, 'ewelch', 'Sara', 'Sullivan', 'ssullivan@flashspan.biz', 1, 1, '2011-06-12'),
(257, 'pbkdf2_sha256$12000$z6L1bhDbHBnv$H8IFZah4vBBYTZH6w', '2014-04-07', 0, 'cbradley', 'Theresa', 'Moreno', 'tmoreno@pixoboo.name', 0, 1, '2013-12-07'),
(258, 'pbkdf2_sha256$12000$z6L1bhDbHBnv$H8IFZah4vBBYTZH6w', '2014-01-03', 1, 'hallen', 'Andrew', 'Nichols', 'anichols@demimbu.gov', 1, 0, '2013-06-07'),
(259, 'pbkdf2_sha256$12000$z6L1bhDbHBnv$H8IFZah4vBBYTZH6w', '2014-07-21', 0, 'dgonzalez', 'Ashley', 'Lee', 'alee@midel.edu', 0, 0, '2013-09-29'),
(260, 'pbkdf2_sha256$12000$z6L1bhDbHBnv$H8IFZah4vBBYTZH6w', '2014-01-10', 0, 'halexander', 'Kathleen', 'Murphy', 'kmurphy@zoombox.biz', 0, 1, '2013-06-25'),
(261, 'pbkdf2_sha256$12000$z6L1bhDbHBnv$H8IFZah4vBBYTZH6w', '2014-01-19', 0, 'rhoward', 'Lori', 'Graham', 'lgraham@demizz.gov', 1, 1, '2013-10-08'),
(262, 'pbkdf2_sha256$12000$z6L1bhDbHBnv$H8IFZah4vBBYTZH6w', '2014-04-01', 0, 'sgordon', 'Doris', 'King', 'dking@mydeo.mil', 1, 1, '2013-10-15'),
(263, 'pbkdf2_sha256$12000$z6L1bhDbHBnv$H8IFZah4vBBYTZH6w', '2014-04-14', 1, 'bpierce', 'Kimberly', 'Fowler', 'kfowler@fadeo.biz', 0, 0, '2011-06-01'),
(264, 'pbkdf2_sha256$12000$z6L1bhDbHBnv$H8IFZah4vBBYTZH6w', '2014-05-04', 0, 'vriley', 'Arthur', 'Daniels', 'adaniels@cogibox.gov', 0, 0, '2013-01-10'),
(265, 'pbkdf2_sha256$12000$z6L1bhDbHBnv$H8IFZah4vBBYTZH6w', '2014-06-26', 1, 'jbailey', 'Harry', 'Warren', 'hwarren@wikizz.name', 1, 1, '2012-12-30'),
(266, 'pbkdf2_sha256$12000$z6L1bhDbHBnv$H8IFZah4vBBYTZH6w', '2014-03-01', 0, 'rlittle', 'Susan', 'Hughes', 'shughes@kimia.name', 1, 1, '2012-08-21'),
(267, 'pbkdf2_sha256$12000$z6L1bhDbHBnv$H8IFZah4vBBYTZH6w', '2014-03-05', 1, 'wfernandez', 'Nicole', 'Webb', 'nwebb@topdrive.mil', 0, 1, '2012-08-18'),
(268, 'pbkdf2_sha256$12000$z6L1bhDbHBnv$H8IFZah4vBBYTZH6w', '2014-03-03', 1, 'hryan', 'Paula', 'Morris', 'pmorris@yodoo.mil', 0, 0, '2013-09-01'),
(269, 'pbkdf2_sha256$12000$z6L1bhDbHBnv$H8IFZah4vBBYTZH6w', '2014-06-29', 1, 'ajohnston', 'Martin', 'Woods', 'mwoods@skalith.gov', 0, 0, '2011-08-26'),
(270, 'pbkdf2_sha256$12000$z6L1bhDbHBnv$H8IFZah4vBBYTZH6w', '2014-02-23', 0, 'jwoods', 'Jacqueline', 'Collins', 'jcollins@skinder.net', 0, 1, '2013-07-28'),
(271, 'pbkdf2_sha256$12000$z6L1bhDbHBnv$H8IFZah4vBBYTZH6w', '2014-03-31', 0, 'dross', 'Adam', 'Castillo', 'acastillo@feedbug.gov', 1, 1, '2013-08-18'),
(272, 'pbkdf2_sha256$12000$z6L1bhDbHBnv$H8IFZah4vBBYTZH6w', '2014-06-25', 1, 'wortiz', 'Betty', 'Davis', 'bdavis@skiptube.mil', 1, 1, '2011-02-03'),
(273, 'pbkdf2_sha256$12000$z6L1bhDbHBnv$H8IFZah4vBBYTZH6w', '2014-05-09', 1, 'croberts', 'Roy', 'Carroll', 'rcarroll@jaloo.org', 0, 1, '2011-04-29'),
(274, 'pbkdf2_sha256$12000$z6L1bhDbHBnv$H8IFZah4vBBYTZH6w', '2014-03-29', 0, 'crose', 'Denise', 'Thompson', 'dthompson@flashdog.com', 1, 1, '2011-03-21'),
(275, 'pbkdf2_sha256$12000$z6L1bhDbHBnv$H8IFZah4vBBYTZH6w', '2014-02-20', 0, 'ehawkins', 'Timothy', 'Ellis', 'tellis@brainverse.biz', 1, 0, '2011-05-21'),
(276, 'pbkdf2_sha256$12000$z6L1bhDbHBnv$H8IFZah4vBBYTZH6w', '2014-06-16', 0, 'nandrews', 'Harold', 'Hamilton', 'hhamilton@npath.biz', 0, 0, '2013-08-14'),
(277, 'pbkdf2_sha256$12000$z6L1bhDbHBnv$H8IFZah4vBBYTZH6w', '2014-07-03', 0, 'jrobinson', 'Nancy', 'Reid', 'nreid@rooxo.com', 1, 0, '2012-07-22'),
(278, 'pbkdf2_sha256$12000$z6L1bhDbHBnv$H8IFZah4vBBYTZH6w', '2014-01-08', 0, 'gking', 'Eugene', 'Martinez', 'emartinez@edgewire.gov', 1, 0, '2013-08-03'),
(279, 'pbkdf2_sha256$12000$z6L1bhDbHBnv$H8IFZah4vBBYTZH6w', '2014-02-28', 0, 'cwashington', 'Jason', 'Peterson', 'jpeterson@zooveo.name', 0, 0, '2012-06-12'),
(280, 'pbkdf2_sha256$12000$z6L1bhDbHBnv$H8IFZah4vBBYTZH6w', '2014-07-03', 1, 'pholmes', 'Paula', 'Hill', 'phill@meejo.edu', 1, 1, '2012-12-19'),
(281, 'pbkdf2_sha256$12000$z6L1bhDbHBnv$H8IFZah4vBBYTZH6w', '2014-03-17', 1, 'greid', 'Dorothy', 'Richardson', 'drichardson@minyx.biz', 0, 1, '2013-11-27'),
(282, 'pbkdf2_sha256$12000$z6L1bhDbHBnv$H8IFZah4vBBYTZH6w', '2014-02-27', 1, 'rmiller', 'Ernest', 'Smith', 'esmith@abata.org', 0, 1, '2012-07-24'),
(283, 'pbkdf2_sha256$12000$z6L1bhDbHBnv$H8IFZah4vBBYTZH6w', '2014-07-21', 1, 'pbrooks', 'Jerry', 'Porter', 'jporter@snaptags.org', 0, 0, '2011-06-20'),
(284, 'pbkdf2_sha256$12000$z6L1bhDbHBnv$H8IFZah4vBBYTZH6w', '2014-04-13', 0, 'bmendoza', 'Arthur', 'Wilson', 'awilson@meemm.biz', 0, 0, '2012-06-06'),
(285, 'pbkdf2_sha256$12000$z6L1bhDbHBnv$H8IFZah4vBBYTZH6w', '2014-03-22', 0, 'chunter', 'Joyce', 'Turner', 'jturner@mudo.net', 0, 1, '2013-05-26'),
(286, 'pbkdf2_sha256$12000$z6L1bhDbHBnv$H8IFZah4vBBYTZH6w', '2014-07-12', 0, 'tortiz', 'Walter', 'Jacobs', 'wjacobs@vinte.com', 0, 0, '2011-08-12'),
(287, 'pbkdf2_sha256$12000$z6L1bhDbHBnv$H8IFZah4vBBYTZH6w', '2014-06-28', 1, 'jmitchell', 'Jennifer', 'Grant', 'jgrant@jumpxs.mil', 0, 1, '2012-09-13'),
(288, 'pbkdf2_sha256$12000$z6L1bhDbHBnv$H8IFZah4vBBYTZH6w', '2014-03-24', 1, 'hfranklin', 'Philip', 'Sanders', 'psanders@vipe.name', 0, 1, '2011-02-14'),
(289, 'pbkdf2_sha256$12000$z6L1bhDbHBnv$H8IFZah4vBBYTZH6w', '2014-04-13', 1, 'lallen', 'Jason', 'Peters', 'jpeters@roomm.gov', 1, 1, '2012-10-30'),
(290, 'pbkdf2_sha256$12000$z6L1bhDbHBnv$H8IFZah4vBBYTZH6w', '2014-03-04', 1, 'efreeman', 'Nicole', 'Hart', 'nhart@meeveo.net', 0, 0, '2011-11-05'),
(291, 'pbkdf2_sha256$12000$z6L1bhDbHBnv$H8IFZah4vBBYTZH6w', '2014-03-23', 1, 'wadams', 'Victor', 'Howell', 'vhowell@centizu.org', 1, 0, '2012-05-25'),
(292, 'pbkdf2_sha256$12000$z6L1bhDbHBnv$H8IFZah4vBBYTZH6w', '2014-01-05', 0, 'bbishop', 'Gary', 'Harrison', 'gharrison@jumpxs.org', 1, 0, '2013-12-28'),
(293, 'pbkdf2_sha256$12000$z6L1bhDbHBnv$H8IFZah4vBBYTZH6w', '2014-05-28', 1, 'kellis', 'Helen', 'Mills', 'hmills@twimbo.name', 0, 1, '2011-03-10'),
(294, 'pbkdf2_sha256$12000$z6L1bhDbHBnv$H8IFZah4vBBYTZH6w', '2014-04-28', 1, 'mhall', 'Brian', 'Lopez', 'blopez@devshare.gov', 1, 1, '2012-05-20'),
(295, 'pbkdf2_sha256$12000$z6L1bhDbHBnv$H8IFZah4vBBYTZH6w', '2014-07-18', 1, 'achavez', 'Lawrence', 'Gray', 'lgray@kwimbee.mil', 0, 1, '2013-05-19'),
(296, 'pbkdf2_sha256$12000$z6L1bhDbHBnv$H8IFZah4vBBYTZH6w', '2014-03-25', 1, 'aburton', 'Fred', 'Stone', 'fstone@photojam.org', 0, 0, '2012-10-18'),
(297, 'pbkdf2_sha256$12000$z6L1bhDbHBnv$H8IFZah4vBBYTZH6w', '2014-04-29', 1, 'vparker', 'Amy', 'Little', 'alittle@gigaclub.edu', 0, 0, '2012-08-30'),
(298, 'pbkdf2_sha256$12000$z6L1bhDbHBnv$H8IFZah4vBBYTZH6w', '2014-04-18', 1, 'jcarroll', 'Irene', 'Ryan', 'iryan@yakitri.biz', 0, 1, '2013-02-28'),
(299, 'pbkdf2_sha256$12000$z6L1bhDbHBnv$H8IFZah4vBBYTZH6w', '2014-06-11', 1, 'sday', 'Lois', 'Howell', 'lhowell@quinu.biz', 0, 1, '2011-01-24'),
(300, 'pbkdf2_sha256$12000$z6L1bhDbHBnv$H8IFZah4vBBYTZH6w', '2014-02-08', 1, 'vwashington', 'Linda', 'Garrett', 'lgarrett@talane.biz', 1, 0, '2013-10-27'),
(301, 'pbkdf2_sha256$12000$z6L1bhDbHBnv$H8IFZah4vBBYTZH6w', '2014-02-12', 1, 'gclark', 'Chris', 'Matthews', 'cmatthews@vinte.gov', 1, 0, '2012-10-27'),
(302, 'pbkdf2_sha256$12000$z6L1bhDbHBnv$H8IFZah4vBBYTZH6w', '2014-06-15', 1, 'dberry', 'Rose', 'Howard', 'rhoward@divavu.com', 0, 1, '2013-09-15'),
(303, 'pbkdf2_sha256$12000$z6L1bhDbHBnv$H8IFZah4vBBYTZH6w', '2014-02-04', 1, 'mreed', 'Ronald', 'Bishop', 'rbishop@devbug.net', 0, 0, '2012-04-08'),
(304, 'pbkdf2_sha256$12000$z6L1bhDbHBnv$H8IFZah4vBBYTZH6w', '2014-05-09', 0, 'jlong', 'Wanda', 'Warren', 'wwarren@yombu.mil', 1, 0, '2012-09-02'),
(305, 'pbkdf2_sha256$12000$z6L1bhDbHBnv$H8IFZah4vBBYTZH6w', '2014-04-23', 0, 'swheeler', 'Shawn', 'Rogers', 'srogers@livetube.biz', 1, 0, '2012-09-14'),
(306, 'pbkdf2_sha256$12000$z6L1bhDbHBnv$H8IFZah4vBBYTZH6w', '2014-04-19', 0, 'mreed', 'Todd', 'Murphy', 'tmurphy@yambee.net', 1, 1, '2011-04-19'),
(307, 'pbkdf2_sha256$12000$z6L1bhDbHBnv$H8IFZah4vBBYTZH6w', '2014-07-04', 0, 'cwilliamson', 'Daniel', 'Sanchez', 'dsanchez@jabbercube.biz', 0, 1, '2011-12-24'),
(308, 'pbkdf2_sha256$12000$z6L1bhDbHBnv$H8IFZah4vBBYTZH6w', '2014-04-29', 0, 'cstephens', 'Juan', 'Sullivan', 'jsullivan@jaxspan.biz', 0, 0, '2012-04-21'),
(309, 'pbkdf2_sha256$12000$z6L1bhDbHBnv$H8IFZah4vBBYTZH6w', '2014-05-15', 1, 'rrodriguez', 'Teresa', 'Holmes', 'tholmes@skidoo.name', 0, 1, '2012-05-06'),
(310, 'pbkdf2_sha256$12000$z6L1bhDbHBnv$H8IFZah4vBBYTZH6w', '2014-02-08', 1, 'breyes', 'Margaret', 'Stewart', 'mstewart@fadeo.mil', 0, 0, '2013-06-28'),
(311, 'pbkdf2_sha256$12000$z6L1bhDbHBnv$H8IFZah4vBBYTZH6w', '2014-02-02', 0, 'jmurphy', 'Henry', 'Willis', 'hwillis@realcube.edu', 1, 1, '2013-05-18'),
(312, 'pbkdf2_sha256$12000$z6L1bhDbHBnv$H8IFZah4vBBYTZH6w', '2014-03-29', 0, 'afranklin', 'David', 'George', 'dgeorge@flipstorm.mil', 1, 1, '2012-04-27'),
(313, 'pbkdf2_sha256$12000$z6L1bhDbHBnv$H8IFZah4vBBYTZH6w', '2014-01-18', 1, 'jreynolds', 'John', 'Morales', 'jmorales@avamm.name', 0, 1, '2011-04-20'),
(314, 'pbkdf2_sha256$12000$z6L1bhDbHBnv$H8IFZah4vBBYTZH6w', '2014-03-31', 1, 'arichards', 'Janice', 'Myers', 'jmyers@jabberbean.com', 1, 0, '2012-03-07'),
(315, 'pbkdf2_sha256$12000$z6L1bhDbHBnv$H8IFZah4vBBYTZH6w', '2014-01-29', 1, 'whenderson', 'Carl', 'Thomas', 'cthomas@omba.edu', 1, 0, '2013-12-06'),
(316, 'pbkdf2_sha256$12000$z6L1bhDbHBnv$H8IFZah4vBBYTZH6w', '2014-07-01', 0, 'pfuller', 'Donald', 'Fuller', 'dfuller@buzzshare.org', 0, 0, '2012-01-09'),
(317, 'pbkdf2_sha256$12000$z6L1bhDbHBnv$H8IFZah4vBBYTZH6w', '2014-01-25', 0, 'jhayes', 'Kimberly', 'Romero', 'kromero@talane.edu', 1, 1, '2013-05-10'),
(318, 'pbkdf2_sha256$12000$z6L1bhDbHBnv$H8IFZah4vBBYTZH6w', '2014-02-19', 1, 'jrodriguez', 'Laura', 'Williamson', 'lwilliamson@vimbo.mil', 0, 1, '2011-06-16'),
(319, 'pbkdf2_sha256$12000$z6L1bhDbHBnv$H8IFZah4vBBYTZH6w', '2014-04-02', 0, 'jharvey', 'Shawn', 'Williams', 'swilliams@eadel.edu', 1, 1, '2012-12-29'),
(320, 'pbkdf2_sha256$12000$z6L1bhDbHBnv$H8IFZah4vBBYTZH6w', '2014-02-01', 1, 'aschmidt', 'Diana', 'Robertson', 'drobertson@aibox.org', 0, 0, '2012-12-08'),
(321, 'pbkdf2_sha256$12000$z6L1bhDbHBnv$H8IFZah4vBBYTZH6w', '2014-01-21', 0, 'bmcdonald', 'Tina', 'Martinez', 'tmartinez@rhynoodle.name', 1, 1, '2011-02-05'),
(322, 'pbkdf2_sha256$12000$z6L1bhDbHBnv$H8IFZah4vBBYTZH6w', '2014-04-14', 0, 'speterson', 'Larry', 'Sanders', 'lsanders@yadel.net', 0, 0, '2013-02-19'),
(323, 'pbkdf2_sha256$12000$z6L1bhDbHBnv$H8IFZah4vBBYTZH6w', '2014-04-13', 1, 'hthompson', 'Patricia', 'Armstrong', 'parmstrong@rhyloo.com', 1, 0, '2011-01-27'),
(324, 'pbkdf2_sha256$12000$z6L1bhDbHBnv$H8IFZah4vBBYTZH6w', '2014-05-18', 0, 'eramirez', 'Maria', 'Davis', 'mdavis@skimia.name', 1, 0, '2011-10-11'),
(325, 'pbkdf2_sha256$12000$z6L1bhDbHBnv$H8IFZah4vBBYTZH6w', '2014-06-23', 0, 'glopez', 'Thomas', 'Little', 'tlittle@browsedrive.name', 1, 0, '2012-11-26'),
(326, 'pbkdf2_sha256$12000$z6L1bhDbHBnv$H8IFZah4vBBYTZH6w', '2014-04-09', 1, 'aferguson', 'Brandon', 'Burton', 'bburton@jatri.org', 0, 1, '2012-03-30'),
(327, 'pbkdf2_sha256$12000$z6L1bhDbHBnv$H8IFZah4vBBYTZH6w', '2014-03-02', 1, 'elittle', 'Jack', 'Cooper', 'jcooper@photospace.edu', 0, 0, '2013-02-27'),
(328, 'pbkdf2_sha256$12000$z6L1bhDbHBnv$H8IFZah4vBBYTZH6w', '2014-05-05', 1, 'nelliott', 'Arthur', 'Johnson', 'ajohnson@oyondu.biz', 0, 1, '2012-10-18'),
(329, 'pbkdf2_sha256$12000$z6L1bhDbHBnv$H8IFZah4vBBYTZH6w', '2014-01-13', 0, 'lhunter', 'Bruce', 'Warren', 'bwarren@meemm.edu', 1, 0, '2013-04-20'),
(330, 'pbkdf2_sha256$12000$z6L1bhDbHBnv$H8IFZah4vBBYTZH6w', '2014-01-02', 1, 'hporter', 'Jane', 'Davis', 'jdavis@flashpoint.edu', 0, 1, '2013-10-27'),
(331, 'pbkdf2_sha256$12000$z6L1bhDbHBnv$H8IFZah4vBBYTZH6w', '2014-03-02', 0, 'sjames', 'Cheryl', 'Boyd', 'cboyd@oloo.gov', 0, 0, '2011-10-04'),
(332, 'pbkdf2_sha256$12000$z6L1bhDbHBnv$H8IFZah4vBBYTZH6w', '2014-07-18', 1, 'jgarza', 'Victor', 'Dunn', 'vdunn@fivespan.gov', 1, 1, '2012-05-13'),
(333, 'pbkdf2_sha256$12000$z6L1bhDbHBnv$H8IFZah4vBBYTZH6w', '2014-04-02', 1, 'sburton', 'Daniel', 'Mitchell', 'dmitchell@shufflester.biz', 1, 0, '2012-02-14'),
(334, 'pbkdf2_sha256$12000$z6L1bhDbHBnv$H8IFZah4vBBYTZH6w', '2014-03-03', 0, 'jsnyder', 'Angela', 'Burke', 'aburke@divape.edu', 0, 1, '2013-03-19');
INSERT INTO `MOCK_DATA` (`id`, `password`, `last_login`, `is_superuser`, `username`, `first_name`, `last_name`, `email`, `is_staff`, `is_active`, `date_joined`) VALUES
(335, 'pbkdf2_sha256$12000$z6L1bhDbHBnv$H8IFZah4vBBYTZH6w', '2014-02-25', 1, 'hfox', 'Linda', 'Gardner', 'lgardner@ozu.org', 1, 1, '2013-01-04'),
(336, 'pbkdf2_sha256$12000$z6L1bhDbHBnv$H8IFZah4vBBYTZH6w', '2014-02-26', 1, 'sbutler', 'Christina', 'Gonzalez', 'cgonzalez@blogpad.com', 1, 0, '2013-12-08'),
(337, 'pbkdf2_sha256$12000$z6L1bhDbHBnv$H8IFZah4vBBYTZH6w', '2014-07-12', 0, 'rowens', 'Heather', 'Robinson', 'hrobinson@twimm.com', 1, 1, '2012-07-21'),
(338, 'pbkdf2_sha256$12000$z6L1bhDbHBnv$H8IFZah4vBBYTZH6w', '2014-04-20', 0, 'jmarshall', 'Janet', 'Brown', 'jbrown@rooxo.info', 0, 0, '2011-03-01'),
(339, 'pbkdf2_sha256$12000$z6L1bhDbHBnv$H8IFZah4vBBYTZH6w', '2014-07-04', 1, 'spalmer', 'Beverly', 'Gardner', 'bgardner@katz.gov', 0, 1, '2012-06-06'),
(340, 'pbkdf2_sha256$12000$z6L1bhDbHBnv$H8IFZah4vBBYTZH6w', '2014-03-30', 0, 'hbarnes', 'Catherine', 'Wilson', 'cwilson@gabspot.biz', 1, 1, '2012-12-16'),
(341, 'pbkdf2_sha256$12000$z6L1bhDbHBnv$H8IFZah4vBBYTZH6w', '2014-05-12', 1, 'grobinson', 'Keith', 'Henry', 'khenry@edgetag.biz', 1, 1, '2013-05-01'),
(342, 'pbkdf2_sha256$12000$z6L1bhDbHBnv$H8IFZah4vBBYTZH6w', '2014-03-11', 1, 'tweaver', 'Anthony', 'Freeman', 'afreeman@gigaclub.edu', 0, 1, '2011-03-06'),
(343, 'pbkdf2_sha256$12000$z6L1bhDbHBnv$H8IFZah4vBBYTZH6w', '2014-03-21', 1, 'epierce', 'Kathy', 'Lane', 'klane@bubbletube.mil', 0, 1, '2012-07-25'),
(344, 'pbkdf2_sha256$12000$z6L1bhDbHBnv$H8IFZah4vBBYTZH6w', '2014-04-07', 0, 'eryan', 'Sean', 'Gonzalez', 'sgonzalez@layo.gov', 1, 0, '2013-07-28'),
(345, 'pbkdf2_sha256$12000$z6L1bhDbHBnv$H8IFZah4vBBYTZH6w', '2014-06-30', 0, 'whamilton', 'Samuel', 'Edwards', 'sedwards@bluejam.info', 1, 0, '2012-08-17'),
(346, 'pbkdf2_sha256$12000$z6L1bhDbHBnv$H8IFZah4vBBYTZH6w', '2014-03-26', 1, 'rstephens', 'Katherine', 'Chapman', 'kchapman@meeveo.info', 1, 0, '2013-03-11'),
(347, 'pbkdf2_sha256$12000$z6L1bhDbHBnv$H8IFZah4vBBYTZH6w', '2014-01-16', 1, 'jmedina', 'Angela', 'West', 'awest@cogilith.biz', 1, 1, '2013-07-06'),
(348, 'pbkdf2_sha256$12000$z6L1bhDbHBnv$H8IFZah4vBBYTZH6w', '2014-04-14', 1, 'tstone', 'Bonnie', 'Hall', 'bhall@tagopia.mil', 1, 0, '2011-02-21'),
(349, 'pbkdf2_sha256$12000$z6L1bhDbHBnv$H8IFZah4vBBYTZH6w', '2014-04-12', 0, 'ggrant', 'Lois', 'Ferguson', 'lferguson@cogidoo.net', 1, 1, '2013-12-23'),
(350, 'pbkdf2_sha256$12000$z6L1bhDbHBnv$H8IFZah4vBBYTZH6w', '2014-07-21', 1, 'cjordan', 'Michelle', 'Bryant', 'mbryant@jaxnation.com', 0, 1, '2013-11-23'),
(351, 'pbkdf2_sha256$12000$z6L1bhDbHBnv$H8IFZah4vBBYTZH6w', '2014-01-15', 1, 'tspencer', 'Jeffrey', 'Cooper', 'jcooper@snaptags.info', 1, 1, '2013-02-23'),
(352, 'pbkdf2_sha256$12000$z6L1bhDbHBnv$H8IFZah4vBBYTZH6w', '2014-03-17', 0, 'aking', 'Mildred', 'Brooks', 'mbrooks@flashdog.net', 1, 0, '2011-01-06'),
(353, 'pbkdf2_sha256$12000$z6L1bhDbHBnv$H8IFZah4vBBYTZH6w', '2014-05-25', 0, 'nmcdonald', 'Steven', 'Marshall', 'smarshall@kimia.biz', 0, 1, '2011-10-30'),
(354, 'pbkdf2_sha256$12000$z6L1bhDbHBnv$H8IFZah4vBBYTZH6w', '2014-07-10', 1, 'pmurray', 'Melissa', 'Barnes', 'mbarnes@fanoodle.gov', 1, 1, '2013-08-04'),
(355, 'pbkdf2_sha256$12000$z6L1bhDbHBnv$H8IFZah4vBBYTZH6w', '2014-01-20', 1, 'jgeorge', 'Brandon', 'Alvarez', 'balvarez@skiptube.mil', 0, 0, '2011-04-02'),
(356, 'pbkdf2_sha256$12000$z6L1bhDbHBnv$H8IFZah4vBBYTZH6w', '2014-01-29', 1, 'fholmes', 'Deborah', 'Thomas', 'dthomas@shuffletag.biz', 0, 0, '2013-10-31'),
(357, 'pbkdf2_sha256$12000$z6L1bhDbHBnv$H8IFZah4vBBYTZH6w', '2014-02-18', 0, 'aford', 'Susan', 'Mendoza', 'smendoza@trunyx.info', 1, 1, '2013-10-16'),
(358, 'pbkdf2_sha256$12000$z6L1bhDbHBnv$H8IFZah4vBBYTZH6w', '2014-03-01', 0, 'nwalker', 'Stephanie', 'Cole', 'scole@quimm.mil', 0, 0, '2011-08-17'),
(359, 'pbkdf2_sha256$12000$z6L1bhDbHBnv$H8IFZah4vBBYTZH6w', '2014-06-15', 0, 'clawrence', 'Sean', 'Richardson', 'srichardson@gabspot.biz', 0, 0, '2012-09-13'),
(360, 'pbkdf2_sha256$12000$z6L1bhDbHBnv$H8IFZah4vBBYTZH6w', '2014-05-17', 0, 'mharper', 'Eugene', 'Gilbert', 'egilbert@topicstorm.org', 1, 0, '2012-10-20'),
(361, 'pbkdf2_sha256$12000$z6L1bhDbHBnv$H8IFZah4vBBYTZH6w', '2014-05-26', 0, 'jhenderson', 'William', 'Hunter', 'whunter@avaveo.name', 0, 1, '2013-07-21'),
(362, 'pbkdf2_sha256$12000$z6L1bhDbHBnv$H8IFZah4vBBYTZH6w', '2014-03-16', 1, 'lphillips', 'Steven', 'Griffin', 'sgriffin@blogtags.com', 0, 1, '2011-03-30'),
(363, 'pbkdf2_sha256$12000$z6L1bhDbHBnv$H8IFZah4vBBYTZH6w', '2014-03-20', 0, 'pmartinez', 'Kimberly', 'Bowman', 'kbowman@dazzlesphere.org', 1, 1, '2012-08-09'),
(364, 'pbkdf2_sha256$12000$z6L1bhDbHBnv$H8IFZah4vBBYTZH6w', '2014-06-11', 0, 'erivera', 'Keith', 'Watkins', 'kwatkins@browsetype.gov', 1, 1, '2012-05-27'),
(365, 'pbkdf2_sha256$12000$z6L1bhDbHBnv$H8IFZah4vBBYTZH6w', '2014-02-21', 1, 'hsimpson', 'Evelyn', 'Hernandez', 'ehernandez@gabtune.edu', 1, 1, '2013-08-06'),
(366, 'pbkdf2_sha256$12000$z6L1bhDbHBnv$H8IFZah4vBBYTZH6w', '2014-05-31', 1, 'bhawkins', 'Ann', 'James', 'ajames@realblab.edu', 0, 1, '2013-10-16'),
(367, 'pbkdf2_sha256$12000$z6L1bhDbHBnv$H8IFZah4vBBYTZH6w', '2014-01-31', 0, 'jowens', 'Anna', 'Knight', 'aknight@edgeclub.net', 1, 0, '2013-08-05'),
(368, 'pbkdf2_sha256$12000$z6L1bhDbHBnv$H8IFZah4vBBYTZH6w', '2014-05-02', 0, 'dturner', 'Chris', 'Watson', 'cwatson@gigashots.info', 0, 1, '2013-01-08'),
(369, 'pbkdf2_sha256$12000$z6L1bhDbHBnv$H8IFZah4vBBYTZH6w', '2014-02-05', 1, 'sboyd', 'Adam', 'Duncan', 'aduncan@buzzster.org', 0, 1, '2011-10-03'),
(370, 'pbkdf2_sha256$12000$z6L1bhDbHBnv$H8IFZah4vBBYTZH6w', '2014-05-16', 1, 'afernandez', 'Doris', 'Garrett', 'dgarrett@twitternation.com', 0, 1, '2011-08-12'),
(371, 'pbkdf2_sha256$12000$z6L1bhDbHBnv$H8IFZah4vBBYTZH6w', '2014-03-04', 1, 'elane', 'Barbara', 'Anderson', 'banderson@buzzshare.name', 1, 1, '2011-07-21'),
(372, 'pbkdf2_sha256$12000$z6L1bhDbHBnv$H8IFZah4vBBYTZH6w', '2014-01-22', 0, 'rdaniels', 'Henry', 'Sims', 'hsims@kazu.info', 1, 0, '2012-03-21'),
(373, 'pbkdf2_sha256$12000$z6L1bhDbHBnv$H8IFZah4vBBYTZH6w', '2014-01-31', 0, 'tbaker', 'Albert', 'Dixon', 'adixon@edgewire.edu', 1, 1, '2011-12-06'),
(374, 'pbkdf2_sha256$12000$z6L1bhDbHBnv$H8IFZah4vBBYTZH6w', '2014-02-18', 0, 'wmorrison', 'Kathleen', 'Ruiz', 'kruiz@gabtune.biz', 1, 0, '2013-10-03'),
(375, 'pbkdf2_sha256$12000$z6L1bhDbHBnv$H8IFZah4vBBYTZH6w', '2014-05-16', 0, 'cnichols', 'Deborah', 'Ruiz', 'druiz@tekfly.info', 1, 0, '2013-06-30'),
(376, 'pbkdf2_sha256$12000$z6L1bhDbHBnv$H8IFZah4vBBYTZH6w', '2014-04-06', 1, 'dbarnes', 'Sharon', 'Gardner', 'sgardner@myworks.org', 0, 1, '2011-02-19'),
(377, 'pbkdf2_sha256$12000$z6L1bhDbHBnv$H8IFZah4vBBYTZH6w', '2014-02-10', 1, 'gmorrison', 'Chris', 'Gomez', 'cgomez@gabcube.gov', 1, 1, '2013-06-27'),
(378, 'pbkdf2_sha256$12000$z6L1bhDbHBnv$H8IFZah4vBBYTZH6w', '2014-01-21', 0, 'agriffin', 'Bobby', 'Lewis', 'blewis@centidel.name', 1, 1, '2011-04-15'),
(379, 'pbkdf2_sha256$12000$z6L1bhDbHBnv$H8IFZah4vBBYTZH6w', '2014-05-14', 1, 'hpeterson', 'Joseph', 'Scott', 'jscott@devify.biz', 0, 1, '2011-05-30'),
(380, 'pbkdf2_sha256$12000$z6L1bhDbHBnv$H8IFZah4vBBYTZH6w', '2014-05-03', 1, 'cmoore', 'Nancy', 'Knight', 'nknight@rooxo.info', 1, 0, '2012-08-20'),
(381, 'pbkdf2_sha256$12000$z6L1bhDbHBnv$H8IFZah4vBBYTZH6w', '2014-05-27', 0, 'tmason', 'Denise', 'Fuller', 'dfuller@jabbertype.com', 1, 0, '2013-05-04'),
(382, 'pbkdf2_sha256$12000$z6L1bhDbHBnv$H8IFZah4vBBYTZH6w', '2014-03-11', 0, 'amarshall', 'Gary', 'Knight', 'gknight@agivu.name', 1, 0, '2013-06-27'),
(383, 'pbkdf2_sha256$12000$z6L1bhDbHBnv$H8IFZah4vBBYTZH6w', '2014-05-19', 1, 'jcox', 'Roy', 'Ellis', 'rellis@twitterworks.info', 1, 1, '2011-01-03'),
(384, 'pbkdf2_sha256$12000$z6L1bhDbHBnv$H8IFZah4vBBYTZH6w', '2014-04-20', 0, 'hreynolds', 'John', 'Rose', 'jrose@linktype.org', 1, 1, '2011-01-24'),
(385, 'pbkdf2_sha256$12000$z6L1bhDbHBnv$H8IFZah4vBBYTZH6w', '2014-05-21', 1, 'rdunn', 'Henry', 'Nguyen', 'hnguyen@dynabox.org', 0, 1, '2011-04-14'),
(386, 'pbkdf2_sha256$12000$z6L1bhDbHBnv$H8IFZah4vBBYTZH6w', '2014-06-07', 0, 'tfisher', 'Nicole', 'Snyder', 'nsnyder@riffpedia.biz', 1, 0, '2013-06-25'),
(387, 'pbkdf2_sha256$12000$z6L1bhDbHBnv$H8IFZah4vBBYTZH6w', '2014-02-15', 1, 'pmorgan', 'Philip', 'Graham', 'pgraham@photolist.net', 0, 1, '2011-04-21'),
(388, 'pbkdf2_sha256$12000$z6L1bhDbHBnv$H8IFZah4vBBYTZH6w', '2014-05-05', 1, 'sbarnes', 'Albert', 'Kelley', 'akelley@realpoint.mil', 0, 0, '2011-01-17'),
(389, 'pbkdf2_sha256$12000$z6L1bhDbHBnv$H8IFZah4vBBYTZH6w', '2014-02-25', 0, 'rcox', 'Evelyn', 'Walker', 'ewalker@edgepulse.org', 0, 1, '2013-04-11'),
(390, 'pbkdf2_sha256$12000$z6L1bhDbHBnv$H8IFZah4vBBYTZH6w', '2014-02-22', 1, 'lromero', 'David', 'Henderson', 'dhenderson@shuffletag.gov', 0, 1, '2011-10-25'),
(391, 'pbkdf2_sha256$12000$z6L1bhDbHBnv$H8IFZah4vBBYTZH6w', '2014-03-14', 1, 'rross', 'Chris', 'Richardson', 'crichardson@edgetag.edu', 0, 1, '2011-12-13'),
(392, 'pbkdf2_sha256$12000$z6L1bhDbHBnv$H8IFZah4vBBYTZH6w', '2014-03-14', 1, 'sshaw', 'Stephen', 'Warren', 'swarren@ozu.mil', 0, 1, '2013-06-17'),
(393, 'pbkdf2_sha256$12000$z6L1bhDbHBnv$H8IFZah4vBBYTZH6w', '2014-01-17', 1, 'efox', 'Thomas', 'Cruz', 'tcruz@flipopia.net', 0, 0, '2013-11-26'),
(394, 'pbkdf2_sha256$12000$z6L1bhDbHBnv$H8IFZah4vBBYTZH6w', '2014-07-17', 0, 'rtaylor', 'Sara', 'Myers', 'smyers@blogtags.edu', 1, 0, '2012-03-09'),
(395, 'pbkdf2_sha256$12000$z6L1bhDbHBnv$H8IFZah4vBBYTZH6w', '2014-01-01', 0, 'lburke', 'Ryan', 'Hughes', 'rhughes@katz.org', 0, 0, '2013-11-04'),
(396, 'pbkdf2_sha256$12000$z6L1bhDbHBnv$H8IFZah4vBBYTZH6w', '2014-02-02', 1, 'whansen', 'Diana', 'Harvey', 'dharvey@rhyloo.net', 0, 1, '2012-08-08'),
(397, 'pbkdf2_sha256$12000$z6L1bhDbHBnv$H8IFZah4vBBYTZH6w', '2014-01-15', 0, 'jgibson', 'Andrea', 'Brown', 'abrown@eare.com', 1, 1, '2012-04-25'),
(398, 'pbkdf2_sha256$12000$z6L1bhDbHBnv$H8IFZah4vBBYTZH6w', '2014-06-28', 0, 'tbarnes', 'Henry', 'Henderson', 'hhenderson@skipstorm.edu', 0, 1, '2013-09-24'),
(399, 'pbkdf2_sha256$12000$z6L1bhDbHBnv$H8IFZah4vBBYTZH6w', '2014-02-05', 1, 'vbowman', 'Pamela', 'Meyer', 'pmeyer@gevee.info', 0, 0, '2013-04-07'),
(400, 'pbkdf2_sha256$12000$z6L1bhDbHBnv$H8IFZah4vBBYTZH6w', '2014-01-29', 0, 'cstevens', 'Lisa', 'Cunningham', 'lcunningham@wordware.mil', 0, 0, '2011-01-15'),
(401, 'pbkdf2_sha256$12000$z6L1bhDbHBnv$H8IFZah4vBBYTZH6w', '2014-02-06', 1, 'cwashington', 'Kathy', 'Bowman', 'kbowman@blogpad.biz', 0, 1, '2012-03-22'),
(402, 'pbkdf2_sha256$12000$z6L1bhDbHBnv$H8IFZah4vBBYTZH6w', '2014-07-08', 1, 'tflores', 'Scott', 'Reynolds', 'sreynolds@kaymbo.mil', 1, 1, '2013-02-04'),
(403, 'pbkdf2_sha256$12000$z6L1bhDbHBnv$H8IFZah4vBBYTZH6w', '2014-07-07', 0, 'jgriffin', 'Shawn', 'Miller', 'smiller@dynabox.mil', 1, 1, '2011-04-15'),
(404, 'pbkdf2_sha256$12000$z6L1bhDbHBnv$H8IFZah4vBBYTZH6w', '2014-05-11', 0, 'fjackson', 'Theresa', 'Willis', 'twillis@eare.gov', 0, 1, '2011-07-20'),
(405, 'pbkdf2_sha256$12000$z6L1bhDbHBnv$H8IFZah4vBBYTZH6w', '2014-04-18', 1, 'jdavis', 'Cynthia', 'Banks', 'cbanks@zoomcast.net', 0, 0, '2011-05-19'),
(406, 'pbkdf2_sha256$12000$z6L1bhDbHBnv$H8IFZah4vBBYTZH6w', '2014-02-18', 0, 'ltorres', 'Alan', 'Cook', 'acook@gabvine.org', 0, 0, '2011-12-16'),
(407, 'pbkdf2_sha256$12000$z6L1bhDbHBnv$H8IFZah4vBBYTZH6w', '2014-05-19', 0, 'shayes', 'Sandra', 'Hunt', 'shunt@zoomzone.com', 0, 1, '2013-06-24'),
(408, 'pbkdf2_sha256$12000$z6L1bhDbHBnv$H8IFZah4vBBYTZH6w', '2014-04-03', 1, 'pwatkins', 'Kenneth', 'Castillo', 'kcastillo@babbleblab.info', 1, 1, '2011-10-26'),
(409, 'pbkdf2_sha256$12000$z6L1bhDbHBnv$H8IFZah4vBBYTZH6w', '2014-01-25', 1, 'talexander', 'Evelyn', 'Harris', 'eharris@centizu.name', 1, 0, '2011-12-25'),
(410, 'pbkdf2_sha256$12000$z6L1bhDbHBnv$H8IFZah4vBBYTZH6w', '2014-04-15', 0, 'rbradley', 'Kathy', 'Kelly', 'kkelly@trilith.net', 1, 1, '2011-07-10'),
(411, 'pbkdf2_sha256$12000$z6L1bhDbHBnv$H8IFZah4vBBYTZH6w', '2014-03-21', 1, 'agonzalez', 'Norma', 'Kim', 'nkim@blogtag.mil', 1, 0, '2013-02-21'),
(412, 'pbkdf2_sha256$12000$z6L1bhDbHBnv$H8IFZah4vBBYTZH6w', '2014-04-13', 1, 'rmeyer', 'Diane', 'Morrison', 'dmorrison@oyondu.mil', 1, 1, '2011-05-29'),
(413, 'pbkdf2_sha256$12000$z6L1bhDbHBnv$H8IFZah4vBBYTZH6w', '2014-03-27', 1, 'mramirez', 'Beverly', 'Hicks', 'bhicks@izio.info', 0, 1, '2012-06-18'),
(414, 'pbkdf2_sha256$12000$z6L1bhDbHBnv$H8IFZah4vBBYTZH6w', '2014-07-18', 0, 'jtucker', 'Heather', 'Richards', 'hrichards@yacero.info', 1, 1, '2011-03-24'),
(415, 'pbkdf2_sha256$12000$z6L1bhDbHBnv$H8IFZah4vBBYTZH6w', '2014-01-21', 0, 'rwalker', 'Louis', 'Vasquez', 'lvasquez@avamba.net', 1, 0, '2013-12-25'),
(416, 'pbkdf2_sha256$12000$z6L1bhDbHBnv$H8IFZah4vBBYTZH6w', '2014-07-20', 1, 'psims', 'Patrick', 'Lee', 'plee@rhynyx.net', 0, 1, '2013-05-28'),
(417, 'pbkdf2_sha256$12000$z6L1bhDbHBnv$H8IFZah4vBBYTZH6w', '2014-05-01', 1, 'tclark', 'Alice', 'Ray', 'aray@flashset.mil', 1, 0, '2011-03-15'),
(418, 'pbkdf2_sha256$12000$z6L1bhDbHBnv$H8IFZah4vBBYTZH6w', '2014-06-24', 1, 'cbrown', 'Kelly', 'Phillips', 'kphillips@buzzshare.mil', 0, 1, '2013-03-08'),
(419, 'pbkdf2_sha256$12000$z6L1bhDbHBnv$H8IFZah4vBBYTZH6w', '2014-06-26', 1, 'calexander', 'Gary', 'Shaw', 'gshaw@kazio.mil', 0, 0, '2012-02-03'),
(420, 'pbkdf2_sha256$12000$z6L1bhDbHBnv$H8IFZah4vBBYTZH6w', '2014-01-19', 1, 'ggarcia', 'Sandra', 'Campbell', 'scampbell@buzzbean.gov', 0, 0, '2011-11-18'),
(421, 'pbkdf2_sha256$12000$z6L1bhDbHBnv$H8IFZah4vBBYTZH6w', '2014-01-26', 0, 'pcastillo', 'Roger', 'Rose', 'rrose@wordpedia.biz', 0, 0, '2012-03-13'),
(422, 'pbkdf2_sha256$12000$z6L1bhDbHBnv$H8IFZah4vBBYTZH6w', '2014-07-16', 0, 'drogers', 'Nancy', 'Young', 'nyoung@topdrive.info', 0, 0, '2011-12-16'),
(423, 'pbkdf2_sha256$12000$z6L1bhDbHBnv$H8IFZah4vBBYTZH6w', '2014-02-17', 0, 'rford', 'Helen', 'Sanchez', 'hsanchez@izio.org', 0, 1, '2012-10-30'),
(424, 'pbkdf2_sha256$12000$z6L1bhDbHBnv$H8IFZah4vBBYTZH6w', '2014-03-09', 1, 'jlong', 'Patricia', 'Kim', 'pkim@skipfire.gov', 1, 0, '2011-08-30'),
(425, 'pbkdf2_sha256$12000$z6L1bhDbHBnv$H8IFZah4vBBYTZH6w', '2014-07-12', 0, 'tprice', 'Heather', 'Harvey', 'hharvey@voonyx.net', 0, 1, '2013-01-18'),
(426, 'pbkdf2_sha256$12000$z6L1bhDbHBnv$H8IFZah4vBBYTZH6w', '2014-04-01', 0, 'bbarnes', 'Steven', 'Patterson', 'spatterson@photobug.org', 1, 0, '2013-09-12'),
(427, 'pbkdf2_sha256$12000$z6L1bhDbHBnv$H8IFZah4vBBYTZH6w', '2014-02-15', 0, 'jwilliams', 'Jennifer', 'Bailey', 'jbailey@avavee.com', 1, 0, '2012-04-11'),
(428, 'pbkdf2_sha256$12000$z6L1bhDbHBnv$H8IFZah4vBBYTZH6w', '2014-07-12', 0, 'mshaw', 'Susan', 'Mcdonald', 'smcdonald@trudoo.gov', 0, 0, '2011-10-18'),
(429, 'pbkdf2_sha256$12000$z6L1bhDbHBnv$H8IFZah4vBBYTZH6w', '2014-01-01', 1, 'dbishop', 'Rachel', 'Barnes', 'rbarnes@centizu.mil', 1, 0, '2013-02-14'),
(430, 'pbkdf2_sha256$12000$z6L1bhDbHBnv$H8IFZah4vBBYTZH6w', '2014-04-25', 0, 'ctaylor', 'Pamela', 'Gray', 'pgray@fivebridge.edu', 1, 0, '2012-04-10'),
(431, 'pbkdf2_sha256$12000$z6L1bhDbHBnv$H8IFZah4vBBYTZH6w', '2014-07-17', 0, 'jrose', 'Peter', 'Jones', 'pjones@linkbridge.gov', 0, 0, '2011-06-10'),
(432, 'pbkdf2_sha256$12000$z6L1bhDbHBnv$H8IFZah4vBBYTZH6w', '2014-01-12', 0, 'bedwards', 'Sean', 'Stone', 'sstone@zoombeat.gov', 1, 1, '2013-02-01'),
(433, 'pbkdf2_sha256$12000$z6L1bhDbHBnv$H8IFZah4vBBYTZH6w', '2014-04-11', 1, 'ktaylor', 'Janice', 'Evans', 'jevans@flipbug.mil', 1, 1, '2012-12-28'),
(434, 'pbkdf2_sha256$12000$z6L1bhDbHBnv$H8IFZah4vBBYTZH6w', '2014-06-07', 1, 'kellis', 'Mildred', 'Little', 'mlittle@demimbu.name', 0, 0, '2012-11-22'),
(435, 'pbkdf2_sha256$12000$z6L1bhDbHBnv$H8IFZah4vBBYTZH6w', '2014-05-28', 1, 'rrobertson', 'Mark', 'Lee', 'mlee@reallinks.info', 1, 1, '2011-02-13'),
(436, 'pbkdf2_sha256$12000$z6L1bhDbHBnv$H8IFZah4vBBYTZH6w', '2014-01-17', 1, 'jhayes', 'David', 'Reed', 'dreed@janyx.net', 1, 1, '2013-07-26'),
(437, 'pbkdf2_sha256$12000$z6L1bhDbHBnv$H8IFZah4vBBYTZH6w', '2014-07-09', 0, 'pbradley', 'Howard', 'Nelson', 'hnelson@jamia.name', 1, 1, '2013-09-04'),
(438, 'pbkdf2_sha256$12000$z6L1bhDbHBnv$H8IFZah4vBBYTZH6w', '2014-04-11', 0, 'plawson', 'Ann', 'Kim', 'akim@buzzdog.biz', 1, 1, '2013-12-27'),
(439, 'pbkdf2_sha256$12000$z6L1bhDbHBnv$H8IFZah4vBBYTZH6w', '2014-02-03', 0, 'jchapman', 'Ernest', 'Reynolds', 'ereynolds@meejo.org', 1, 0, '2011-11-24'),
(440, 'pbkdf2_sha256$12000$z6L1bhDbHBnv$H8IFZah4vBBYTZH6w', '2014-06-01', 0, 'hfuller', 'Jeffrey', 'Ruiz', 'jruiz@rhycero.com', 0, 1, '2011-04-21'),
(441, 'pbkdf2_sha256$12000$z6L1bhDbHBnv$H8IFZah4vBBYTZH6w', '2014-05-26', 0, 'cmccoy', 'Alan', 'Flores', 'aflores@oyondu.mil', 0, 1, '2013-12-29'),
(442, 'pbkdf2_sha256$12000$z6L1bhDbHBnv$H8IFZah4vBBYTZH6w', '2014-01-29', 1, 'rbradley', 'Dennis', 'Butler', 'dbutler@blognation.name', 0, 0, '2012-02-21'),
(443, 'pbkdf2_sha256$12000$z6L1bhDbHBnv$H8IFZah4vBBYTZH6w', '2014-01-27', 0, 'rvasquez', 'Steve', 'Hudson', 'shudson@voolia.net', 1, 1, '2011-02-15'),
(444, 'pbkdf2_sha256$12000$z6L1bhDbHBnv$H8IFZah4vBBYTZH6w', '2014-01-30', 1, 'afowler', 'Gregory', 'Day', 'gday@demimbu.info', 1, 1, '2013-02-17'),
(445, 'pbkdf2_sha256$12000$z6L1bhDbHBnv$H8IFZah4vBBYTZH6w', '2014-06-11', 1, 'jreyes', 'Fred', 'Evans', 'fevans@twitterbeat.gov', 1, 1, '2011-09-11'),
(446, 'pbkdf2_sha256$12000$z6L1bhDbHBnv$H8IFZah4vBBYTZH6w', '2014-02-23', 1, 'mjackson', 'Julia', 'Nichols', 'jnichols@eadel.gov', 0, 0, '2012-05-14'),
(447, 'pbkdf2_sha256$12000$z6L1bhDbHBnv$H8IFZah4vBBYTZH6w', '2014-04-03', 1, 'jferguson', 'Jacqueline', 'Evans', 'jevans@tagcat.gov', 0, 1, '2012-11-01'),
(448, 'pbkdf2_sha256$12000$z6L1bhDbHBnv$H8IFZah4vBBYTZH6w', '2014-04-03', 0, 'kpayne', 'Rose', 'Frazier', 'rfrazier@voonyx.net', 1, 1, '2013-10-30'),
(449, 'pbkdf2_sha256$12000$z6L1bhDbHBnv$H8IFZah4vBBYTZH6w', '2014-05-31', 0, 'jcarpenter', 'Tammy', 'Stewart', 'tstewart@kazio.mil', 1, 0, '2012-05-16'),
(450, 'pbkdf2_sha256$12000$z6L1bhDbHBnv$H8IFZah4vBBYTZH6w', '2014-07-09', 1, 'dgarcia', 'Rebecca', 'Diaz', 'rdiaz@voolith.info', 1, 0, '2011-01-05'),
(451, 'pbkdf2_sha256$12000$z6L1bhDbHBnv$H8IFZah4vBBYTZH6w', '2014-03-12', 1, 'sarmstrong', 'Robin', 'Rivera', 'rrivera@eadel.mil', 1, 0, '2013-11-28'),
(452, 'pbkdf2_sha256$12000$z6L1bhDbHBnv$H8IFZah4vBBYTZH6w', '2014-06-28', 1, 'jcarroll', 'Melissa', 'Mitchell', 'mmitchell@realfire.gov', 1, 1, '2013-10-15'),
(453, 'pbkdf2_sha256$12000$z6L1bhDbHBnv$H8IFZah4vBBYTZH6w', '2014-01-20', 0, 'phudson', 'Paul', 'Daniels', 'pdaniels@jabberbean.gov', 1, 0, '2013-07-10'),
(454, 'pbkdf2_sha256$12000$z6L1bhDbHBnv$H8IFZah4vBBYTZH6w', '2014-04-01', 1, 'ttucker', 'William', 'Cruz', 'wcruz@meevee.net', 0, 0, '2012-11-18'),
(455, 'pbkdf2_sha256$12000$z6L1bhDbHBnv$H8IFZah4vBBYTZH6w', '2014-01-28', 0, 'mstanley', 'Jacqueline', 'Webb', 'jwebb@kaymbo.net', 1, 1, '2013-07-07'),
(456, 'pbkdf2_sha256$12000$z6L1bhDbHBnv$H8IFZah4vBBYTZH6w', '2014-03-05', 1, 'rjackson', 'Beverly', 'Thomas', 'bthomas@jabbertype.mil', 0, 1, '2011-10-01'),
(457, 'pbkdf2_sha256$12000$z6L1bhDbHBnv$H8IFZah4vBBYTZH6w', '2014-06-18', 0, 'smcdonald', 'Kimberly', 'Gutierrez', 'kgutierrez@zoombeat.edu', 1, 1, '2013-12-19'),
(458, 'pbkdf2_sha256$12000$z6L1bhDbHBnv$H8IFZah4vBBYTZH6w', '2014-06-30', 1, 'scastillo', 'Brenda', 'Kim', 'bkim@zoovu.name', 1, 1, '2012-04-05'),
(459, 'pbkdf2_sha256$12000$z6L1bhDbHBnv$H8IFZah4vBBYTZH6w', '2014-02-07', 1, 'gwashington', 'Frank', 'Davis', 'fdavis@oyoba.info', 1, 1, '2011-07-26'),
(460, 'pbkdf2_sha256$12000$z6L1bhDbHBnv$H8IFZah4vBBYTZH6w', '2014-02-05', 0, 'ckelly', 'Lisa', 'Perry', 'lperry@skinder.net', 1, 1, '2011-04-10'),
(461, 'pbkdf2_sha256$12000$z6L1bhDbHBnv$H8IFZah4vBBYTZH6w', '2014-04-27', 0, 'bdunn', 'Cynthia', 'Sullivan', 'csullivan@browsezoom.biz', 1, 0, '2012-09-28'),
(462, 'pbkdf2_sha256$12000$z6L1bhDbHBnv$H8IFZah4vBBYTZH6w', '2014-05-29', 0, 'jmoreno', 'Russell', 'Alvarez', 'ralvarez@vinte.com', 0, 1, '2011-02-24'),
(463, 'pbkdf2_sha256$12000$z6L1bhDbHBnv$H8IFZah4vBBYTZH6w', '2014-01-03', 1, 'cgrant', 'Justin', 'Anderson', 'janderson@meembee.net', 0, 1, '2013-02-10'),
(464, 'pbkdf2_sha256$12000$z6L1bhDbHBnv$H8IFZah4vBBYTZH6w', '2014-07-04', 1, 'ebradley', 'Sandra', 'Burke', 'sburke@realbridge.org', 0, 0, '2011-09-27'),
(465, 'pbkdf2_sha256$12000$z6L1bhDbHBnv$H8IFZah4vBBYTZH6w', '2014-01-06', 1, 'hrogers', 'Martin', 'Hamilton', 'mhamilton@thoughtbeat.org', 1, 1, '2011-11-27'),
(466, 'pbkdf2_sha256$12000$z6L1bhDbHBnv$H8IFZah4vBBYTZH6w', '2014-05-26', 1, 'tcole', 'Rebecca', 'Johnston', 'rjohnston@talane.name', 0, 0, '2013-02-06'),
(467, 'pbkdf2_sha256$12000$z6L1bhDbHBnv$H8IFZah4vBBYTZH6w', '2014-06-24', 0, 'ecoleman', 'Fred', 'Hunter', 'fhunter@devpoint.org', 1, 1, '2011-06-28'),
(468, 'pbkdf2_sha256$12000$z6L1bhDbHBnv$H8IFZah4vBBYTZH6w', '2014-05-12', 0, 'ggarrett', 'Ruth', 'Ross', 'rross@divanoodle.org', 0, 1, '2011-02-23'),
(469, 'pbkdf2_sha256$12000$z6L1bhDbHBnv$H8IFZah4vBBYTZH6w', '2014-07-02', 1, 'jallen', 'Timothy', 'Robinson', 'trobinson@bubblemix.name', 1, 1, '2011-08-16'),
(470, 'pbkdf2_sha256$12000$z6L1bhDbHBnv$H8IFZah4vBBYTZH6w', '2014-02-21', 1, 'rcoleman', 'Helen', 'Morales', 'hmorales@twitterwire.biz', 1, 0, '2013-01-15'),
(471, 'pbkdf2_sha256$12000$z6L1bhDbHBnv$H8IFZah4vBBYTZH6w', '2014-02-04', 0, 'ffuller', 'Gloria', 'Wood', 'gwood@buzzdog.org', 1, 0, '2012-10-07'),
(472, 'pbkdf2_sha256$12000$z6L1bhDbHBnv$H8IFZah4vBBYTZH6w', '2014-01-14', 1, 'jcunningham', 'Peter', 'Johnson', 'pjohnson@fanoodle.gov', 1, 1, '2012-03-30'),
(473, 'pbkdf2_sha256$12000$z6L1bhDbHBnv$H8IFZah4vBBYTZH6w', '2014-02-10', 0, 'jmorrison', 'Jason', 'Montgomery', 'jmontgomery@skinder.com', 0, 1, '2013-05-19'),
(474, 'pbkdf2_sha256$12000$z6L1bhDbHBnv$H8IFZah4vBBYTZH6w', '2014-03-13', 0, 'cgutierrez', 'Sean', 'Hunter', 'shunter@skyba.net', 0, 1, '2012-07-10'),
(475, 'pbkdf2_sha256$12000$z6L1bhDbHBnv$H8IFZah4vBBYTZH6w', '2014-04-08', 0, 'shill', 'Willie', 'Gonzales', 'wgonzales@feedbug.biz', 0, 1, '2012-06-12'),
(476, 'pbkdf2_sha256$12000$z6L1bhDbHBnv$H8IFZah4vBBYTZH6w', '2014-05-26', 0, 'coliver', 'Thomas', 'Snyder', 'tsnyder@plajo.biz', 0, 1, '2013-07-10'),
(477, 'pbkdf2_sha256$12000$z6L1bhDbHBnv$H8IFZah4vBBYTZH6w', '2014-03-16', 0, 'wharper', 'Sean', 'Morrison', 'smorrison@skidoo.info', 0, 1, '2012-10-09'),
(478, 'pbkdf2_sha256$12000$z6L1bhDbHBnv$H8IFZah4vBBYTZH6w', '2014-07-08', 1, 'pmartinez', 'Christine', 'Schmidt', 'cschmidt@quatz.edu', 0, 1, '2012-06-16'),
(479, 'pbkdf2_sha256$12000$z6L1bhDbHBnv$H8IFZah4vBBYTZH6w', '2014-04-28', 1, 'scole', 'Sara', 'Williams', 'swilliams@voonder.info', 0, 0, '2012-10-20'),
(480, 'pbkdf2_sha256$12000$z6L1bhDbHBnv$H8IFZah4vBBYTZH6w', '2014-01-08', 0, 'skelley', 'Gregory', 'Russell', 'grussell@youspan.mil', 0, 1, '2013-05-05'),
(481, 'pbkdf2_sha256$12000$z6L1bhDbHBnv$H8IFZah4vBBYTZH6w', '2014-01-05', 0, 'cgreene', 'Chris', 'Ray', 'cray@katz.name', 1, 0, '2013-03-18'),
(482, 'pbkdf2_sha256$12000$z6L1bhDbHBnv$H8IFZah4vBBYTZH6w', '2014-06-08', 1, 'jmartin', 'Fred', 'Williamson', 'fwilliamson@meevee.com', 1, 1, '2013-02-10'),
(483, 'pbkdf2_sha256$12000$z6L1bhDbHBnv$H8IFZah4vBBYTZH6w', '2014-06-21', 1, 'hlynch', 'Evelyn', 'Duncan', 'eduncan@yambee.gov', 1, 0, '2013-05-18'),
(484, 'pbkdf2_sha256$12000$z6L1bhDbHBnv$H8IFZah4vBBYTZH6w', '2014-01-15', 0, 'wscott', 'Donna', 'Ray', 'dray@camido.com', 0, 1, '2012-12-13'),
(485, 'pbkdf2_sha256$12000$z6L1bhDbHBnv$H8IFZah4vBBYTZH6w', '2014-06-19', 1, 'cmcdonald', 'Anthony', 'Howard', 'ahoward@brainsphere.com', 1, 1, '2013-08-15'),
(486, 'pbkdf2_sha256$12000$z6L1bhDbHBnv$H8IFZah4vBBYTZH6w', '2014-03-04', 1, 'rgrant', 'Margaret', 'Grant', 'mgrant@demivee.mil', 1, 1, '2011-01-20'),
(487, 'pbkdf2_sha256$12000$z6L1bhDbHBnv$H8IFZah4vBBYTZH6w', '2014-04-27', 1, 'tmatthews', 'Gloria', 'Wright', 'gwright@oyoba.gov', 1, 0, '2011-03-05'),
(488, 'pbkdf2_sha256$12000$z6L1bhDbHBnv$H8IFZah4vBBYTZH6w', '2014-05-09', 0, 'jsimmons', 'Elizabeth', 'Gomez', 'egomez@jaxworks.name', 0, 0, '2011-08-03'),
(489, 'pbkdf2_sha256$12000$z6L1bhDbHBnv$H8IFZah4vBBYTZH6w', '2014-07-10', 1, 'bpayne', 'Carolyn', 'Porter', 'cporter@fivespan.gov', 0, 0, '2013-02-04'),
(490, 'pbkdf2_sha256$12000$z6L1bhDbHBnv$H8IFZah4vBBYTZH6w', '2014-04-02', 1, 'sfoster', 'Ruby', 'Wallace', 'rwallace@brainlounge.edu', 1, 1, '2011-03-21'),
(491, 'pbkdf2_sha256$12000$z6L1bhDbHBnv$H8IFZah4vBBYTZH6w', '2014-01-14', 0, 'smatthews', 'Katherine', 'Ramos', 'kramos@blogpad.org', 1, 0, '2013-03-12'),
(492, 'pbkdf2_sha256$12000$z6L1bhDbHBnv$H8IFZah4vBBYTZH6w', '2014-01-02', 1, 'slarson', 'Donna', 'Webb', 'dwebb@aivee.info', 1, 0, '2013-01-21'),
(493, 'pbkdf2_sha256$12000$z6L1bhDbHBnv$H8IFZah4vBBYTZH6w', '2014-05-06', 0, 'aperkins', 'Antonio', 'Gardner', 'agardner@divape.biz', 0, 0, '2011-07-28'),
(494, 'pbkdf2_sha256$12000$z6L1bhDbHBnv$H8IFZah4vBBYTZH6w', '2014-03-04', 1, 'rhunt', 'Albert', 'Lopez', 'alopez@kwimbee.gov', 0, 0, '2013-05-23'),
(495, 'pbkdf2_sha256$12000$z6L1bhDbHBnv$H8IFZah4vBBYTZH6w', '2014-01-17', 0, 'asims', 'Linda', 'Butler', 'lbutler@ntag.mil', 1, 0, '2012-05-03'),
(496, 'pbkdf2_sha256$12000$z6L1bhDbHBnv$H8IFZah4vBBYTZH6w', '2014-05-23', 0, 'tedwards', 'Betty', 'Ramos', 'bramos@topicshots.com', 0, 0, '2013-03-16'),
(497, 'pbkdf2_sha256$12000$z6L1bhDbHBnv$H8IFZah4vBBYTZH6w', '2014-03-23', 1, 'sporter', 'Christopher', 'Romero', 'cromero@skaboo.info', 1, 1, '2012-11-06'),
(498, 'pbkdf2_sha256$12000$z6L1bhDbHBnv$H8IFZah4vBBYTZH6w', '2014-03-17', 1, 'rrichards', 'Linda', 'Bryant', 'lbryant@oozz.org', 0, 0, '2013-06-05'),
(499, 'pbkdf2_sha256$12000$z6L1bhDbHBnv$H8IFZah4vBBYTZH6w', '2014-05-28', 1, 'sharper', 'Eugene', 'Hansen', 'ehansen@livefish.gov', 1, 1, '2012-10-08'),
(500, 'pbkdf2_sha256$12000$z6L1bhDbHBnv$H8IFZah4vBBYTZH6w', '2014-06-24', 0, 'sturner', 'Adam', 'Collins', 'acollins@twitterworks.org', 0, 1, '2013-10-19'),
(501, 'pbkdf2_sha256$12000$z6L1bhDbHBnv$H8IFZah4vBBYTZH6w', '2014-05-08', 1, 'vstevens', 'Ronald', 'Alvarez', 'ralvarez@skimia.info', 0, 0, '2013-12-17'),
(502, 'pbkdf2_sha256$12000$z6L1bhDbHBnv$H8IFZah4vBBYTZH6w', '2014-01-07', 0, 'kallen', 'Judy', 'Mills', 'jmills@skilith.net', 1, 1, '2012-02-13'),
(503, 'pbkdf2_sha256$12000$z6L1bhDbHBnv$H8IFZah4vBBYTZH6w', '2014-03-21', 1, 'acox', 'Heather', 'Jones', 'hjones@izio.edu', 0, 0, '2012-03-25'),
(504, 'pbkdf2_sha256$12000$z6L1bhDbHBnv$H8IFZah4vBBYTZH6w', '2014-02-19', 1, 'kwelch', 'Brenda', 'Garcia', 'bgarcia@twitterbridge.net', 0, 0, '2011-10-10'),
(505, 'pbkdf2_sha256$12000$z6L1bhDbHBnv$H8IFZah4vBBYTZH6w', '2014-06-30', 1, 'kwest', 'Lori', 'Watson', 'lwatson@midel.gov', 1, 0, '2012-09-26'),
(506, 'pbkdf2_sha256$12000$z6L1bhDbHBnv$H8IFZah4vBBYTZH6w', '2014-07-09', 1, 'gfox', 'Katherine', 'Sims', 'ksims@dynabox.name', 0, 1, '2011-03-25'),
(507, 'pbkdf2_sha256$12000$z6L1bhDbHBnv$H8IFZah4vBBYTZH6w', '2014-03-27', 0, 'gparker', 'Deborah', 'Gomez', 'dgomez@riffwire.info', 1, 1, '2012-11-24'),
(508, 'pbkdf2_sha256$12000$z6L1bhDbHBnv$H8IFZah4vBBYTZH6w', '2014-01-07', 1, 'dgarza', 'Donald', 'Cooper', 'dcooper@fatz.info', 1, 1, '2012-02-19'),
(509, 'pbkdf2_sha256$12000$z6L1bhDbHBnv$H8IFZah4vBBYTZH6w', '2014-03-04', 1, 'cbarnes', 'Lisa', 'Garza', 'lgarza@meeveo.gov', 0, 1, '2013-11-17'),
(510, 'pbkdf2_sha256$12000$z6L1bhDbHBnv$H8IFZah4vBBYTZH6w', '2014-07-05', 0, 'bduncan', 'Jane', 'Hamilton', 'jhamilton@thoughtbeat.name', 1, 1, '2011-08-17'),
(511, 'pbkdf2_sha256$12000$z6L1bhDbHBnv$H8IFZah4vBBYTZH6w', '2014-06-24', 0, 'efrazier', 'Kathleen', 'Hamilton', 'khamilton@reallinks.mil', 0, 1, '2013-01-16'),
(512, 'pbkdf2_sha256$12000$z6L1bhDbHBnv$H8IFZah4vBBYTZH6w', '2014-04-21', 1, 'tgeorge', 'Tina', 'Mcdonald', 'tmcdonald@meevee.mil', 1, 1, '2013-09-12'),
(513, 'pbkdf2_sha256$12000$z6L1bhDbHBnv$H8IFZah4vBBYTZH6w', '2014-01-23', 0, 'dbaker', 'Betty', 'Lewis', 'blewis@gabvine.com', 0, 0, '2011-09-09'),
(514, 'pbkdf2_sha256$12000$z6L1bhDbHBnv$H8IFZah4vBBYTZH6w', '2014-06-11', 0, 'grice', 'Ashley', 'Crawford', 'acrawford@kwimbee.edu', 1, 1, '2011-12-15'),
(515, 'pbkdf2_sha256$12000$z6L1bhDbHBnv$H8IFZah4vBBYTZH6w', '2014-06-27', 1, 'cbishop', 'Sara', 'Sullivan', 'ssullivan@jayo.org', 1, 1, '2012-04-25'),
(516, 'pbkdf2_sha256$12000$z6L1bhDbHBnv$H8IFZah4vBBYTZH6w', '2014-06-21', 1, 'vwarren', 'Juan', 'Murray', 'jmurray@jaxnation.biz', 1, 0, '2013-05-26'),
(517, 'pbkdf2_sha256$12000$z6L1bhDbHBnv$H8IFZah4vBBYTZH6w', '2014-01-21', 0, 'mjacobs', 'Stephen', 'Johnson', 'sjohnson@kwideo.net', 1, 1, '2012-01-25'),
(518, 'pbkdf2_sha256$12000$z6L1bhDbHBnv$H8IFZah4vBBYTZH6w', '2014-06-24', 0, 'ascott', 'Pamela', 'Gonzalez', 'pgonzalez@wordpedia.gov', 0, 1, '2012-08-23'),
(519, 'pbkdf2_sha256$12000$z6L1bhDbHBnv$H8IFZah4vBBYTZH6w', '2014-05-01', 1, 'jwatson', 'Joe', 'Gonzales', 'jgonzales@feedbug.org', 1, 0, '2012-11-25'),
(520, 'pbkdf2_sha256$12000$z6L1bhDbHBnv$H8IFZah4vBBYTZH6w', '2014-06-06', 1, 'wwalker', 'Ruby', 'Robertson', 'rrobertson@wordware.edu', 1, 1, '2012-05-14'),
(521, 'pbkdf2_sha256$12000$z6L1bhDbHBnv$H8IFZah4vBBYTZH6w', '2014-03-22', 0, 'breid', 'Jerry', 'Williamson', 'jwilliamson@tanoodle.gov', 0, 1, '2011-01-02'),
(522, 'pbkdf2_sha256$12000$z6L1bhDbHBnv$H8IFZah4vBBYTZH6w', '2014-05-30', 1, 'eprice', 'Harry', 'Alexander', 'halexander@innotype.org', 1, 1, '2011-11-12'),
(523, 'pbkdf2_sha256$12000$z6L1bhDbHBnv$H8IFZah4vBBYTZH6w', '2014-04-03', 1, 'ccooper', 'Daniel', 'Turner', 'dturner@oyoyo.com', 1, 0, '2013-04-16'),
(524, 'pbkdf2_sha256$12000$z6L1bhDbHBnv$H8IFZah4vBBYTZH6w', '2014-04-01', 1, 'bwashington', 'Phyllis', 'Long', 'plong@oozz.name', 0, 1, '2012-12-02'),
(525, 'pbkdf2_sha256$12000$z6L1bhDbHBnv$H8IFZah4vBBYTZH6w', '2014-03-07', 0, 'jlee', 'Kimberly', 'Harvey', 'kharvey@zoonder.net', 0, 0, '2012-08-18'),
(526, 'pbkdf2_sha256$12000$z6L1bhDbHBnv$H8IFZah4vBBYTZH6w', '2014-07-10', 1, 'tlewis', 'Henry', 'Bowman', 'hbowman@thoughtmix.mil', 1, 1, '2012-03-28'),
(527, 'pbkdf2_sha256$12000$z6L1bhDbHBnv$H8IFZah4vBBYTZH6w', '2014-03-15', 1, 'aburton', 'Andrea', 'Kim', 'akim@skimia.net', 1, 1, '2012-07-30'),
(528, 'pbkdf2_sha256$12000$z6L1bhDbHBnv$H8IFZah4vBBYTZH6w', '2014-02-15', 0, 'jelliott', 'Raymond', 'Nguyen', 'rnguyen@oyope.net', 0, 0, '2012-07-10'),
(529, 'pbkdf2_sha256$12000$z6L1bhDbHBnv$H8IFZah4vBBYTZH6w', '2014-03-23', 0, 'ejones', 'Janice', 'Hill', 'jhill@edgeclub.name', 0, 1, '2012-06-24'),
(530, 'pbkdf2_sha256$12000$z6L1bhDbHBnv$H8IFZah4vBBYTZH6w', '2014-02-16', 0, 'hreynolds', 'Mildred', 'Ramos', 'mramos@yakijo.com', 0, 0, '2013-01-31'),
(531, 'pbkdf2_sha256$12000$z6L1bhDbHBnv$H8IFZah4vBBYTZH6w', '2014-03-26', 1, 'apayne', 'Sharon', 'Reynolds', 'sreynolds@skivee.mil', 0, 0, '2011-07-12'),
(532, 'pbkdf2_sha256$12000$z6L1bhDbHBnv$H8IFZah4vBBYTZH6w', '2014-03-12', 0, 'crobinson', 'Lillian', 'Marshall', 'lmarshall@jabberbean.org', 1, 0, '2011-02-28'),
(533, 'pbkdf2_sha256$12000$z6L1bhDbHBnv$H8IFZah4vBBYTZH6w', '2014-06-14', 1, 'hbrown', 'Patricia', 'Jacobs', 'pjacobs@yata.gov', 0, 0, '2011-09-22'),
(534, 'pbkdf2_sha256$12000$z6L1bhDbHBnv$H8IFZah4vBBYTZH6w', '2014-01-19', 1, 'sweaver', 'Bobby', 'Gilbert', 'bgilbert@flipbug.info', 1, 0, '2013-05-13'),
(535, 'pbkdf2_sha256$12000$z6L1bhDbHBnv$H8IFZah4vBBYTZH6w', '2014-06-04', 1, 'gwilliams', 'Denise', 'Anderson', 'danderson@kazio.com', 0, 1, '2011-03-26'),
(536, 'pbkdf2_sha256$12000$z6L1bhDbHBnv$H8IFZah4vBBYTZH6w', '2014-05-15', 1, 'kdavis', 'Marie', 'Ferguson', 'mferguson@buzzbean.name', 0, 1, '2013-03-01'),
(537, 'pbkdf2_sha256$12000$z6L1bhDbHBnv$H8IFZah4vBBYTZH6w', '2014-01-31', 0, 'bbowman', 'Sara', 'Hansen', 'shansen@digitube.gov', 0, 1, '2011-10-31'),
(538, 'pbkdf2_sha256$12000$z6L1bhDbHBnv$H8IFZah4vBBYTZH6w', '2014-06-14', 0, 'bthomas', 'Robert', 'Franklin', 'rfranklin@thoughtbeat.mil', 1, 1, '2011-03-11'),
(539, 'pbkdf2_sha256$12000$z6L1bhDbHBnv$H8IFZah4vBBYTZH6w', '2014-05-07', 1, 'bgreen', 'Andrea', 'Dunn', 'adunn@wikivu.mil', 1, 1, '2011-10-10'),
(540, 'pbkdf2_sha256$12000$z6L1bhDbHBnv$H8IFZah4vBBYTZH6w', '2014-05-16', 0, 'rcoleman', 'Craig', 'Chapman', 'cchapman@katz.edu', 1, 1, '2012-06-05'),
(541, 'pbkdf2_sha256$12000$z6L1bhDbHBnv$H8IFZah4vBBYTZH6w', '2014-06-30', 1, 'egarcia', 'Michael', 'Stewart', 'mstewart@babbleblab.com', 1, 0, '2011-08-10'),
(542, 'pbkdf2_sha256$12000$z6L1bhDbHBnv$H8IFZah4vBBYTZH6w', '2014-03-23', 0, 'swilliams', 'Catherine', 'Olson', 'colson@innotype.net', 1, 1, '2012-04-16'),
(543, 'pbkdf2_sha256$12000$z6L1bhDbHBnv$H8IFZah4vBBYTZH6w', '2014-03-16', 0, 'aarnold', 'Ryan', 'Gonzales', 'rgonzales@abata.gov', 0, 0, '2013-07-07'),
(544, 'pbkdf2_sha256$12000$z6L1bhDbHBnv$H8IFZah4vBBYTZH6w', '2014-01-17', 0, 'wgreene', 'Carol', 'Fowler', 'cfowler@gabvine.name', 1, 1, '2013-12-23'),
(545, 'pbkdf2_sha256$12000$z6L1bhDbHBnv$H8IFZah4vBBYTZH6w', '2014-01-24', 1, 'clewis', 'Sandra', 'Wagner', 'swagner@youspan.biz', 0, 1, '2011-06-07'),
(546, 'pbkdf2_sha256$12000$z6L1bhDbHBnv$H8IFZah4vBBYTZH6w', '2014-04-27', 0, 'sfranklin', 'Sean', 'Medina', 'smedina@edgepulse.mil', 1, 0, '2013-07-25'),
(547, 'pbkdf2_sha256$12000$z6L1bhDbHBnv$H8IFZah4vBBYTZH6w', '2014-03-01', 1, 'jbowman', 'Phyllis', 'Powell', 'ppowell@avamba.net', 0, 0, '2011-02-11'),
(548, 'pbkdf2_sha256$12000$z6L1bhDbHBnv$H8IFZah4vBBYTZH6w', '2014-03-16', 1, 'eaustin', 'Martin', 'Campbell', 'mcampbell@topiczoom.biz', 0, 1, '2013-12-15'),
(549, 'pbkdf2_sha256$12000$z6L1bhDbHBnv$H8IFZah4vBBYTZH6w', '2014-02-24', 1, 'jfox', 'Ruby', 'Anderson', 'randerson@photolist.name', 1, 1, '2011-02-18'),
(550, 'pbkdf2_sha256$12000$z6L1bhDbHBnv$H8IFZah4vBBYTZH6w', '2014-01-01', 1, 'dcrawford', 'Douglas', 'Hicks', 'dhicks@trudoo.org', 0, 1, '2012-02-21'),
(551, 'pbkdf2_sha256$12000$z6L1bhDbHBnv$H8IFZah4vBBYTZH6w', '2014-07-05', 1, 'rday', 'Nicole', 'Fisher', 'nfisher@youspan.name', 1, 1, '2011-11-27'),
(552, 'pbkdf2_sha256$12000$z6L1bhDbHBnv$H8IFZah4vBBYTZH6w', '2014-06-16', 0, 'jstewart', 'Ruby', 'Martinez', 'rmartinez@dabshots.com', 0, 0, '2012-01-01'),
(553, 'pbkdf2_sha256$12000$z6L1bhDbHBnv$H8IFZah4vBBYTZH6w', '2014-04-07', 0, 'sromero', 'Joshua', 'Alexander', 'jalexander@aivee.name', 0, 1, '2013-12-10'),
(554, 'pbkdf2_sha256$12000$z6L1bhDbHBnv$H8IFZah4vBBYTZH6w', '2014-06-05', 1, 'jfox', 'David', 'Simmons', 'dsimmons@mymm.edu', 0, 1, '2013-01-08'),
(555, 'pbkdf2_sha256$12000$z6L1bhDbHBnv$H8IFZah4vBBYTZH6w', '2014-04-19', 0, 'jmitchell', 'Deborah', 'Bell', 'dbell@gabtune.org', 1, 0, '2013-06-24'),
(556, 'pbkdf2_sha256$12000$z6L1bhDbHBnv$H8IFZah4vBBYTZH6w', '2014-07-01', 0, 'cday', 'Alan', 'Howard', 'ahoward@buzzster.name', 0, 1, '2011-03-15'),
(557, 'pbkdf2_sha256$12000$z6L1bhDbHBnv$H8IFZah4vBBYTZH6w', '2014-06-01', 0, 'mhughes', 'Jesse', 'Cox', 'jcox@ozu.biz', 1, 0, '2013-12-23'),
(558, 'pbkdf2_sha256$12000$z6L1bhDbHBnv$H8IFZah4vBBYTZH6w', '2014-03-20', 1, 'dhawkins', 'Terry', 'Fisher', 'tfisher@kanoodle.gov', 1, 0, '2011-03-09'),
(559, 'pbkdf2_sha256$12000$z6L1bhDbHBnv$H8IFZah4vBBYTZH6w', '2014-02-12', 1, 'cfisher', 'Steve', 'Bryant', 'sbryant@browsetype.edu', 0, 1, '2013-12-12'),
(560, 'pbkdf2_sha256$12000$z6L1bhDbHBnv$H8IFZah4vBBYTZH6w', '2014-02-14', 1, 'pmarshall', 'Lisa', 'Howell', 'lhowell@wordtune.name', 1, 1, '2013-08-20'),
(561, 'pbkdf2_sha256$12000$z6L1bhDbHBnv$H8IFZah4vBBYTZH6w', '2014-02-02', 0, 'rmason', 'Christine', 'Cunningham', 'ccunningham@yata.mil', 0, 1, '2013-06-30'),
(562, 'pbkdf2_sha256$12000$z6L1bhDbHBnv$H8IFZah4vBBYTZH6w', '2014-07-03', 1, 'gcarroll', 'Sean', 'Sims', 'ssims@aimbo.edu', 0, 1, '2013-02-02'),
(563, 'pbkdf2_sha256$12000$z6L1bhDbHBnv$H8IFZah4vBBYTZH6w', '2014-03-04', 1, 'cgonzalez', 'Teresa', 'Ferguson', 'tferguson@innotype.mil', 1, 0, '2011-03-17'),
(564, 'pbkdf2_sha256$12000$z6L1bhDbHBnv$H8IFZah4vBBYTZH6w', '2014-04-29', 1, 'whill', 'Rachel', 'Hamilton', 'rhamilton@rhynoodle.edu', 0, 0, '2012-11-20'),
(565, 'pbkdf2_sha256$12000$z6L1bhDbHBnv$H8IFZah4vBBYTZH6w', '2014-06-19', 1, 'wkennedy', 'Susan', 'Bishop', 'sbishop@oodoo.info', 0, 1, '2012-06-26'),
(566, 'pbkdf2_sha256$12000$z6L1bhDbHBnv$H8IFZah4vBBYTZH6w', '2014-04-07', 0, 'mreyes', 'Helen', 'Payne', 'hpayne@kaymbo.com', 0, 1, '2011-04-06'),
(567, 'pbkdf2_sha256$12000$z6L1bhDbHBnv$H8IFZah4vBBYTZH6w', '2014-02-26', 0, 'rwest', 'Kathleen', 'Clark', 'kclark@rhyzio.com', 1, 0, '2012-10-01'),
(568, 'pbkdf2_sha256$12000$z6L1bhDbHBnv$H8IFZah4vBBYTZH6w', '2014-04-26', 0, 'jchavez', 'Jack', 'Black', 'jblack@realpoint.mil', 0, 0, '2012-11-01'),
(569, 'pbkdf2_sha256$12000$z6L1bhDbHBnv$H8IFZah4vBBYTZH6w', '2014-03-31', 0, 'jstewart', 'Melissa', 'Jacobs', 'mjacobs@dabtype.biz', 1, 1, '2011-07-18'),
(570, 'pbkdf2_sha256$12000$z6L1bhDbHBnv$H8IFZah4vBBYTZH6w', '2014-05-22', 0, 'jpierce', 'Steve', 'Garza', 'sgarza@blogspan.info', 0, 1, '2011-08-13'),
(571, 'pbkdf2_sha256$12000$z6L1bhDbHBnv$H8IFZah4vBBYTZH6w', '2014-04-30', 0, 'jhoward', 'Kathryn', 'Gardner', 'kgardner@flipstorm.mil', 0, 0, '2011-06-29'),
(572, 'pbkdf2_sha256$12000$z6L1bhDbHBnv$H8IFZah4vBBYTZH6w', '2014-06-24', 1, 'fturner', 'Melissa', 'Long', 'mlong@quatz.edu', 0, 1, '2012-10-10'),
(573, 'pbkdf2_sha256$12000$z6L1bhDbHBnv$H8IFZah4vBBYTZH6w', '2014-04-12', 1, 'brice', 'Elizabeth', 'Warren', 'ewarren@feedfish.gov', 1, 0, '2013-01-18'),
(574, 'pbkdf2_sha256$12000$z6L1bhDbHBnv$H8IFZah4vBBYTZH6w', '2014-07-14', 1, 'mryan', 'Heather', 'Hamilton', 'hhamilton@jabberstorm.mil', 1, 1, '2013-07-29'),
(575, 'pbkdf2_sha256$12000$z6L1bhDbHBnv$H8IFZah4vBBYTZH6w', '2014-04-03', 0, 'wlopez', 'Jane', 'Berry', 'jberry@quamba.org', 1, 0, '2011-10-01'),
(576, 'pbkdf2_sha256$12000$z6L1bhDbHBnv$H8IFZah4vBBYTZH6w', '2014-02-18', 0, 'ascott', 'Jason', 'Wilson', 'jwilson@fiveclub.edu', 1, 0, '2013-09-10'),
(577, 'pbkdf2_sha256$12000$z6L1bhDbHBnv$H8IFZah4vBBYTZH6w', '2014-01-20', 1, 'lgeorge', 'Irene', 'Little', 'ilittle@tavu.edu', 1, 0, '2012-07-24'),
(578, 'pbkdf2_sha256$12000$z6L1bhDbHBnv$H8IFZah4vBBYTZH6w', '2014-06-26', 1, 'ablack', 'Maria', 'Young', 'myoung@thoughtbeat.edu', 1, 0, '2011-03-12'),
(579, 'pbkdf2_sha256$12000$z6L1bhDbHBnv$H8IFZah4vBBYTZH6w', '2014-01-28', 1, 'amorris', 'Ashley', 'Thompson', 'athompson@roodel.net', 0, 0, '2013-10-15'),
(580, 'pbkdf2_sha256$12000$z6L1bhDbHBnv$H8IFZah4vBBYTZH6w', '2014-04-16', 0, 'cfuller', 'Alan', 'Boyd', 'aboyd@gabtune.name', 0, 0, '2011-03-17'),
(581, 'pbkdf2_sha256$12000$z6L1bhDbHBnv$H8IFZah4vBBYTZH6w', '2014-06-19', 0, 'ehayes', 'Jesse', 'Freeman', 'jfreeman@tagtune.edu', 0, 0, '2013-07-07'),
(582, 'pbkdf2_sha256$12000$z6L1bhDbHBnv$H8IFZah4vBBYTZH6w', '2014-03-14', 0, 'jshaw', 'Karen', 'Alvarez', 'kalvarez@zoombeat.name', 1, 0, '2012-07-18'),
(583, 'pbkdf2_sha256$12000$z6L1bhDbHBnv$H8IFZah4vBBYTZH6w', '2014-01-03', 0, 'vroberts', 'Jerry', 'Sanders', 'jsanders@edgepulse.biz', 1, 1, '2013-07-23'),
(584, 'pbkdf2_sha256$12000$z6L1bhDbHBnv$H8IFZah4vBBYTZH6w', '2014-02-24', 0, 'shansen', 'Martin', 'Pierce', 'mpierce@blogspan.mil', 1, 1, '2012-11-24'),
(585, 'pbkdf2_sha256$12000$z6L1bhDbHBnv$H8IFZah4vBBYTZH6w', '2014-06-02', 0, 'karmstrong', 'Mary', 'Franklin', 'mfranklin@zooveo.biz', 0, 0, '2011-04-06'),
(586, 'pbkdf2_sha256$12000$z6L1bhDbHBnv$H8IFZah4vBBYTZH6w', '2014-01-17', 0, 'rhansen', 'Ryan', 'Foster', 'rfoster@realmix.edu', 1, 1, '2012-04-18'),
(587, 'pbkdf2_sha256$12000$z6L1bhDbHBnv$H8IFZah4vBBYTZH6w', '2014-02-15', 0, 'tmontgomery', 'Bobby', 'Flores', 'bflores@youspan.name', 1, 1, '2012-07-29'),
(588, 'pbkdf2_sha256$12000$z6L1bhDbHBnv$H8IFZah4vBBYTZH6w', '2014-01-20', 0, 'bfox', 'Karen', 'Lewis', 'klewis@feedfire.info', 0, 0, '2013-01-09'),
(589, 'pbkdf2_sha256$12000$z6L1bhDbHBnv$H8IFZah4vBBYTZH6w', '2014-01-28', 1, 'hrice', 'Chris', 'Diaz', 'cdiaz@rhyzio.edu', 0, 0, '2012-07-07'),
(590, 'pbkdf2_sha256$12000$z6L1bhDbHBnv$H8IFZah4vBBYTZH6w', '2014-05-25', 1, 'tmitchell', 'Lori', 'Crawford', 'lcrawford@voomm.com', 0, 0, '2011-02-05'),
(591, 'pbkdf2_sha256$12000$z6L1bhDbHBnv$H8IFZah4vBBYTZH6w', '2014-03-19', 1, 'pburke', 'Donna', 'Owens', 'dowens@realcube.name', 0, 1, '2012-06-08'),
(592, 'pbkdf2_sha256$12000$z6L1bhDbHBnv$H8IFZah4vBBYTZH6w', '2014-01-04', 0, 'sarnold', 'Anna', 'Gomez', 'agomez@wordware.mil', 1, 1, '2011-03-11'),
(593, 'pbkdf2_sha256$12000$z6L1bhDbHBnv$H8IFZah4vBBYTZH6w', '2014-06-13', 1, 'truiz', 'Kevin', 'Medina', 'kmedina@trudoo.org', 1, 0, '2012-08-02'),
(594, 'pbkdf2_sha256$12000$z6L1bhDbHBnv$H8IFZah4vBBYTZH6w', '2014-01-20', 1, 'dhart', 'Rachel', 'Murray', 'rmurray@blogxs.edu', 0, 1, '2011-11-25'),
(595, 'pbkdf2_sha256$12000$z6L1bhDbHBnv$H8IFZah4vBBYTZH6w', '2014-05-26', 1, 'wchavez', 'Antonio', 'Burke', 'aburke@roodel.mil', 0, 1, '2012-08-12'),
(596, 'pbkdf2_sha256$12000$z6L1bhDbHBnv$H8IFZah4vBBYTZH6w', '2014-03-25', 1, 'blawrence', 'Sara', 'Elliott', 'selliott@voonix.mil', 1, 0, '2011-03-16'),
(597, 'pbkdf2_sha256$12000$z6L1bhDbHBnv$H8IFZah4vBBYTZH6w', '2014-02-13', 0, 'awillis', 'Heather', 'Jordan', 'hjordan@voomm.mil', 1, 0, '2013-02-01'),
(598, 'pbkdf2_sha256$12000$z6L1bhDbHBnv$H8IFZah4vBBYTZH6w', '2014-05-30', 0, 'shernandez', 'Susan', 'Reyes', 'sreyes@realcube.org', 0, 1, '2011-05-14'),
(599, 'pbkdf2_sha256$12000$z6L1bhDbHBnv$H8IFZah4vBBYTZH6w', '2014-06-07', 0, 'lwest', 'Kimberly', 'Rogers', 'krogers@jumpxs.info', 1, 1, '2011-09-26'),
(600, 'pbkdf2_sha256$12000$z6L1bhDbHBnv$H8IFZah4vBBYTZH6w', '2014-03-29', 0, 'jcastillo', 'Craig', 'Kelly', 'ckelly@midel.biz', 0, 0, '2011-10-31'),
(601, 'pbkdf2_sha256$12000$z6L1bhDbHBnv$H8IFZah4vBBYTZH6w', '2014-02-25', 1, 'wmorris', 'Dorothy', 'Dixon', 'ddixon@roodel.gov', 0, 0, '2011-01-11'),
(602, 'pbkdf2_sha256$12000$z6L1bhDbHBnv$H8IFZah4vBBYTZH6w', '2014-07-12', 1, 'rcoleman', 'Angela', 'Reyes', 'areyes@digitube.mil', 1, 1, '2013-06-07'),
(603, 'pbkdf2_sha256$12000$z6L1bhDbHBnv$H8IFZah4vBBYTZH6w', '2014-01-19', 0, 'ngonzales', 'Patricia', 'Hansen', 'phansen@centimia.net', 1, 1, '2013-11-13'),
(604, 'pbkdf2_sha256$12000$z6L1bhDbHBnv$H8IFZah4vBBYTZH6w', '2014-05-10', 0, 'sbarnes', 'Robert', 'Torres', 'rtorres@brainsphere.net', 1, 0, '2013-11-30'),
(605, 'pbkdf2_sha256$12000$z6L1bhDbHBnv$H8IFZah4vBBYTZH6w', '2014-06-30', 0, 'gfisher', 'Diane', 'Bryant', 'dbryant@zava.net', 1, 0, '2012-03-30'),
(606, 'pbkdf2_sha256$12000$z6L1bhDbHBnv$H8IFZah4vBBYTZH6w', '2014-01-22', 1, 'glittle', 'Sara', 'Robinson', 'srobinson@thoughtbridge.gov', 1, 0, '2011-02-02'),
(607, 'pbkdf2_sha256$12000$z6L1bhDbHBnv$H8IFZah4vBBYTZH6w', '2014-04-09', 1, 'alewis', 'Kimberly', 'Lane', 'klane@edgeify.com', 0, 1, '2012-01-07'),
(608, 'pbkdf2_sha256$12000$z6L1bhDbHBnv$H8IFZah4vBBYTZH6w', '2014-04-10', 0, 'jdiaz', 'Frances', 'Brooks', 'fbrooks@innotype.net', 0, 1, '2013-06-04'),
(609, 'pbkdf2_sha256$12000$z6L1bhDbHBnv$H8IFZah4vBBYTZH6w', '2014-05-12', 0, 'bhanson', 'Mark', 'Washington', 'mwashington@mybuzz.name', 0, 0, '2012-07-23'),
(610, 'pbkdf2_sha256$12000$z6L1bhDbHBnv$H8IFZah4vBBYTZH6w', '2014-06-26', 0, 'asmith', 'Michelle', 'Kennedy', 'mkennedy@dabvine.edu', 1, 1, '2011-01-16'),
(611, 'pbkdf2_sha256$12000$z6L1bhDbHBnv$H8IFZah4vBBYTZH6w', '2014-03-08', 1, 'rfranklin', 'Steve', 'Hunt', 'shunt@fiveclub.com', 1, 0, '2011-11-02'),
(612, 'pbkdf2_sha256$12000$z6L1bhDbHBnv$H8IFZah4vBBYTZH6w', '2014-03-18', 1, 'abell', 'Sharon', 'Dunn', 'sdunn@yakidoo.mil', 0, 0, '2012-01-01'),
(613, 'pbkdf2_sha256$12000$z6L1bhDbHBnv$H8IFZah4vBBYTZH6w', '2014-07-17', 1, 'mhawkins', 'Harry', 'Jacobs', 'hjacobs@linktype.org', 0, 0, '2012-05-25'),
(614, 'pbkdf2_sha256$12000$z6L1bhDbHBnv$H8IFZah4vBBYTZH6w', '2014-04-20', 1, 'jporter', 'Judith', 'Montgomery', 'jmontgomery@lazzy.gov', 1, 1, '2012-01-08'),
(615, 'pbkdf2_sha256$12000$z6L1bhDbHBnv$H8IFZah4vBBYTZH6w', '2014-06-30', 1, 'wday', 'Brian', 'Cook', 'bcook@skipstorm.mil', 0, 1, '2012-06-28'),
(616, 'pbkdf2_sha256$12000$z6L1bhDbHBnv$H8IFZah4vBBYTZH6w', '2014-02-09', 0, 'jshaw', 'Harry', 'Stanley', 'hstanley@dynava.org', 1, 0, '2013-04-01'),
(617, 'pbkdf2_sha256$12000$z6L1bhDbHBnv$H8IFZah4vBBYTZH6w', '2014-02-03', 0, 'mwillis', 'Virginia', 'Stewart', 'vstewart@zoombeat.biz', 0, 0, '2011-09-30'),
(618, 'pbkdf2_sha256$12000$z6L1bhDbHBnv$H8IFZah4vBBYTZH6w', '2014-04-16', 1, 'jcarter', 'Laura', 'Chavez', 'lchavez@buzzster.biz', 0, 1, '2013-12-16'),
(619, 'pbkdf2_sha256$12000$z6L1bhDbHBnv$H8IFZah4vBBYTZH6w', '2014-07-18', 0, 'prose', 'Karen', 'Hill', 'khill@quimm.com', 1, 1, '2013-07-03'),
(620, 'pbkdf2_sha256$12000$z6L1bhDbHBnv$H8IFZah4vBBYTZH6w', '2014-05-06', 1, 'pjohnston', 'Deborah', 'Smith', 'dsmith@yakitri.biz', 0, 1, '2011-08-18'),
(621, 'pbkdf2_sha256$12000$z6L1bhDbHBnv$H8IFZah4vBBYTZH6w', '2014-06-23', 0, 'tburton', 'Kathryn', 'Marshall', 'kmarshall@skynoodle.gov', 0, 1, '2013-10-09'),
(622, 'pbkdf2_sha256$12000$z6L1bhDbHBnv$H8IFZah4vBBYTZH6w', '2014-05-24', 1, 'aking', 'Joan', 'Medina', 'jmedina@dynabox.name', 0, 1, '2013-03-19'),
(623, 'pbkdf2_sha256$12000$z6L1bhDbHBnv$H8IFZah4vBBYTZH6w', '2014-02-12', 0, 'hrobertson', 'Joyce', 'Warren', 'jwarren@skalith.net', 1, 1, '2013-10-11'),
(624, 'pbkdf2_sha256$12000$z6L1bhDbHBnv$H8IFZah4vBBYTZH6w', '2014-05-25', 1, 'swhite', 'Justin', 'Frazier', 'jfrazier@innojam.org', 1, 0, '2012-07-13'),
(625, 'pbkdf2_sha256$12000$z6L1bhDbHBnv$H8IFZah4vBBYTZH6w', '2014-02-22', 0, 'eevans', 'Sean', 'Torres', 'storres@oozz.gov', 0, 1, '2013-09-20'),
(626, 'pbkdf2_sha256$12000$z6L1bhDbHBnv$H8IFZah4vBBYTZH6w', '2014-06-20', 1, 'rpayne', 'Ernest', 'Rose', 'erose@gigaclub.edu', 1, 1, '2011-03-29'),
(627, 'pbkdf2_sha256$12000$z6L1bhDbHBnv$H8IFZah4vBBYTZH6w', '2014-02-21', 0, 'jwalker', 'Juan', 'Hansen', 'jhansen@skidoo.edu', 0, 0, '2013-07-14'),
(628, 'pbkdf2_sha256$12000$z6L1bhDbHBnv$H8IFZah4vBBYTZH6w', '2014-01-31', 1, 'jdiaz', 'Kimberly', 'Ruiz', 'kruiz@wikizz.com', 1, 1, '2012-10-16'),
(629, 'pbkdf2_sha256$12000$z6L1bhDbHBnv$H8IFZah4vBBYTZH6w', '2014-04-09', 1, 'wsimpson', 'Ashley', 'Fowler', 'afowler@babblestorm.biz', 1, 0, '2011-10-27'),
(630, 'pbkdf2_sha256$12000$z6L1bhDbHBnv$H8IFZah4vBBYTZH6w', '2014-03-20', 1, 'jduncan', 'Gloria', 'Holmes', 'gholmes@demivee.net', 0, 1, '2011-09-20'),
(631, 'pbkdf2_sha256$12000$z6L1bhDbHBnv$H8IFZah4vBBYTZH6w', '2014-07-21', 0, 'mcrawford', 'Sharon', 'Harris', 'sharris@wordify.org', 0, 1, '2013-07-16'),
(632, 'pbkdf2_sha256$12000$z6L1bhDbHBnv$H8IFZah4vBBYTZH6w', '2014-02-22', 0, 'ckim', 'Dennis', 'Reed', 'dreed@eayo.edu', 1, 0, '2012-02-07'),
(633, 'pbkdf2_sha256$12000$z6L1bhDbHBnv$H8IFZah4vBBYTZH6w', '2014-02-08', 1, 'sfreeman', 'Bobby', 'Marshall', 'bmarshall@zoombeat.mil', 1, 0, '2012-09-16'),
(634, 'pbkdf2_sha256$12000$z6L1bhDbHBnv$H8IFZah4vBBYTZH6w', '2014-03-06', 1, 'dlynch', 'Walter', 'Gomez', 'wgomez@eadel.info', 0, 0, '2013-10-25'),
(635, 'pbkdf2_sha256$12000$z6L1bhDbHBnv$H8IFZah4vBBYTZH6w', '2014-02-20', 1, 'scoleman', 'William', 'Gutierrez', 'wgutierrez@vinte.com', 1, 1, '2012-04-09'),
(636, 'pbkdf2_sha256$12000$z6L1bhDbHBnv$H8IFZah4vBBYTZH6w', '2014-03-18', 0, 'jramirez', 'Marilyn', 'Banks', 'mbanks@mynte.com', 0, 0, '2011-04-12'),
(637, 'pbkdf2_sha256$12000$z6L1bhDbHBnv$H8IFZah4vBBYTZH6w', '2014-02-19', 1, 'jbrooks', 'Kathryn', 'Vasquez', 'kvasquez@tagcat.edu', 1, 0, '2012-03-28'),
(638, 'pbkdf2_sha256$12000$z6L1bhDbHBnv$H8IFZah4vBBYTZH6w', '2014-03-21', 0, 'cthomas', 'Angela', 'Woods', 'awoods@kayveo.gov', 0, 1, '2012-06-03'),
(639, 'pbkdf2_sha256$12000$z6L1bhDbHBnv$H8IFZah4vBBYTZH6w', '2014-02-22', 0, 'ewilliamson', 'Jerry', 'Hudson', 'jhudson@browsedrive.net', 1, 0, '2013-09-13'),
(640, 'pbkdf2_sha256$12000$z6L1bhDbHBnv$H8IFZah4vBBYTZH6w', '2014-01-12', 0, 'cwood', 'William', 'Campbell', 'wcampbell@flashspan.info', 0, 0, '2012-10-07'),
(641, 'pbkdf2_sha256$12000$z6L1bhDbHBnv$H8IFZah4vBBYTZH6w', '2014-07-01', 1, 'ktaylor', 'Robert', 'Owens', 'rowens@skalith.com', 0, 1, '2013-11-07'),
(642, 'pbkdf2_sha256$12000$z6L1bhDbHBnv$H8IFZah4vBBYTZH6w', '2014-02-18', 0, 'jjames', 'Gloria', 'Cooper', 'gcooper@eimbee.mil', 1, 0, '2013-09-20'),
(643, 'pbkdf2_sha256$12000$z6L1bhDbHBnv$H8IFZah4vBBYTZH6w', '2014-07-18', 0, 'bjordan', 'Gary', 'Young', 'gyoung@topiclounge.gov', 1, 1, '2012-06-09'),
(644, 'pbkdf2_sha256$12000$z6L1bhDbHBnv$H8IFZah4vBBYTZH6w', '2014-01-02', 0, 'jsimmons', 'Carl', 'Carpenter', 'ccarpenter@npath.gov', 1, 0, '2011-07-25'),
(645, 'pbkdf2_sha256$12000$z6L1bhDbHBnv$H8IFZah4vBBYTZH6w', '2014-01-13', 0, 'wmccoy', 'Louis', 'Richards', 'lrichards@linktype.com', 1, 1, '2013-10-05'),
(646, 'pbkdf2_sha256$12000$z6L1bhDbHBnv$H8IFZah4vBBYTZH6w', '2014-05-02', 0, 'sstephens', 'Ashley', 'Garrett', 'agarrett@yabox.com', 1, 1, '2012-03-22'),
(647, 'pbkdf2_sha256$12000$z6L1bhDbHBnv$H8IFZah4vBBYTZH6w', '2014-06-29', 1, 'arodriguez', 'Wanda', 'Perkins', 'wperkins@yabox.org', 1, 1, '2013-03-15'),
(648, 'pbkdf2_sha256$12000$z6L1bhDbHBnv$H8IFZah4vBBYTZH6w', '2014-05-26', 0, 'jcox', 'Brian', 'Freeman', 'bfreeman@riffwire.biz', 1, 1, '2012-05-04'),
(649, 'pbkdf2_sha256$12000$z6L1bhDbHBnv$H8IFZah4vBBYTZH6w', '2014-03-11', 0, 'ehill', 'Betty', 'Cruz', 'bcruz@trudeo.biz', 0, 0, '2011-11-20'),
(650, 'pbkdf2_sha256$12000$z6L1bhDbHBnv$H8IFZah4vBBYTZH6w', '2014-01-30', 1, 'apalmer', 'Kevin', 'Rose', 'krose@photobean.net', 0, 1, '2012-06-07'),
(651, 'pbkdf2_sha256$12000$z6L1bhDbHBnv$H8IFZah4vBBYTZH6w', '2014-04-22', 0, 'jelliott', 'Irene', 'Garza', 'igarza@myworks.info', 0, 0, '2012-11-27'),
(652, 'pbkdf2_sha256$12000$z6L1bhDbHBnv$H8IFZah4vBBYTZH6w', '2014-04-17', 1, 'jryan', 'Kathy', 'Wood', 'kwood@oyoyo.gov', 0, 0, '2012-09-06'),
(653, 'pbkdf2_sha256$12000$z6L1bhDbHBnv$H8IFZah4vBBYTZH6w', '2014-03-29', 0, 'sstanley', 'Norma', 'Hart', 'nhart@camido.mil', 1, 1, '2013-09-05'),
(654, 'pbkdf2_sha256$12000$z6L1bhDbHBnv$H8IFZah4vBBYTZH6w', '2014-02-14', 0, 'ehenry', 'Carl', 'Duncan', 'cduncan@myworks.com', 0, 1, '2012-09-02'),
(655, 'pbkdf2_sha256$12000$z6L1bhDbHBnv$H8IFZah4vBBYTZH6w', '2014-02-02', 0, 'djames', 'Amanda', 'Johnson', 'ajohnson@topdrive.edu', 0, 0, '2011-03-17'),
(656, 'pbkdf2_sha256$12000$z6L1bhDbHBnv$H8IFZah4vBBYTZH6w', '2014-02-11', 1, 'jchapman', 'Betty', 'Tucker', 'btucker@wikizz.gov', 1, 1, '2013-09-10'),
(657, 'pbkdf2_sha256$12000$z6L1bhDbHBnv$H8IFZah4vBBYTZH6w', '2014-04-29', 0, 'mhunt', 'Gloria', 'Ellis', 'gellis@rooxo.org', 0, 0, '2011-10-18'),
(658, 'pbkdf2_sha256$12000$z6L1bhDbHBnv$H8IFZah4vBBYTZH6w', '2014-02-17', 1, 'wrichards', 'Albert', 'Garrett', 'agarrett@jabberbean.edu', 0, 1, '2011-08-29'),
(659, 'pbkdf2_sha256$12000$z6L1bhDbHBnv$H8IFZah4vBBYTZH6w', '2014-05-23', 0, 'rross', 'Joyce', 'Anderson', 'janderson@trudeo.name', 1, 1, '2013-07-21'),
(660, 'pbkdf2_sha256$12000$z6L1bhDbHBnv$H8IFZah4vBBYTZH6w', '2014-05-09', 1, 'jhamilton', 'Joan', 'Sanders', 'jsanders@photobean.mil', 1, 1, '2011-01-22'),
(661, 'pbkdf2_sha256$12000$z6L1bhDbHBnv$H8IFZah4vBBYTZH6w', '2014-04-23', 0, 'gfields', 'Teresa', 'Alexander', 'talexander@vidoo.org', 1, 0, '2012-07-21'),
(662, 'pbkdf2_sha256$12000$z6L1bhDbHBnv$H8IFZah4vBBYTZH6w', '2014-04-12', 1, 'jlawrence', 'Clarence', 'Daniels', 'cdaniels@jabbersphere.name', 0, 1, '2012-02-01'),
(663, 'pbkdf2_sha256$12000$z6L1bhDbHBnv$H8IFZah4vBBYTZH6w', '2014-06-18', 0, 'eortiz', 'Donald', 'George', 'dgeorge@oyondu.com', 0, 1, '2012-04-23'),
(664, 'pbkdf2_sha256$12000$z6L1bhDbHBnv$H8IFZah4vBBYTZH6w', '2014-02-12', 1, 'hhansen', 'Gerald', 'Rivera', 'grivera@oyonder.name', 1, 1, '2011-01-21'),
(665, 'pbkdf2_sha256$12000$z6L1bhDbHBnv$H8IFZah4vBBYTZH6w', '2014-05-05', 0, 'ebryant', 'Annie', 'Butler', 'abutler@yakidoo.com', 1, 1, '2013-02-11');
INSERT INTO `MOCK_DATA` (`id`, `password`, `last_login`, `is_superuser`, `username`, `first_name`, `last_name`, `email`, `is_staff`, `is_active`, `date_joined`) VALUES
(666, 'pbkdf2_sha256$12000$z6L1bhDbHBnv$H8IFZah4vBBYTZH6w', '2014-04-09', 1, 'wperry', 'Jonathan', 'Nguyen', 'jnguyen@dabshots.org', 0, 1, '2011-07-17'),
(667, 'pbkdf2_sha256$12000$z6L1bhDbHBnv$H8IFZah4vBBYTZH6w', '2014-03-04', 0, 'twheeler', 'Dorothy', 'Meyer', 'dmeyer@yotz.gov', 1, 0, '2011-05-30'),
(668, 'pbkdf2_sha256$12000$z6L1bhDbHBnv$H8IFZah4vBBYTZH6w', '2014-01-21', 0, 'blopez', 'Jack', 'Nelson', 'jnelson@trupe.net', 0, 0, '2012-11-05'),
(669, 'pbkdf2_sha256$12000$z6L1bhDbHBnv$H8IFZah4vBBYTZH6w', '2014-04-29', 1, 'whenderson', 'Larry', 'Cooper', 'lcooper@kaymbo.edu', 1, 0, '2011-04-01'),
(670, 'pbkdf2_sha256$12000$z6L1bhDbHBnv$H8IFZah4vBBYTZH6w', '2014-01-24', 0, 'vandrews', 'Wayne', 'Foster', 'wfoster@livepath.name', 1, 1, '2011-11-19'),
(671, 'pbkdf2_sha256$12000$z6L1bhDbHBnv$H8IFZah4vBBYTZH6w', '2014-04-26', 0, 'lhunter', 'Sharon', 'Sanchez', 'ssanchez@agivu.gov', 0, 0, '2013-06-09'),
(672, 'pbkdf2_sha256$12000$z6L1bhDbHBnv$H8IFZah4vBBYTZH6w', '2014-03-09', 0, 'jrodriguez', 'Ashley', 'Sims', 'asims@twitterwire.biz', 0, 1, '2013-04-14'),
(673, 'pbkdf2_sha256$12000$z6L1bhDbHBnv$H8IFZah4vBBYTZH6w', '2014-07-05', 0, 'wburton', 'Edward', 'Smith', 'esmith@skyndu.info', 1, 0, '2011-03-13'),
(674, 'pbkdf2_sha256$12000$z6L1bhDbHBnv$H8IFZah4vBBYTZH6w', '2014-06-08', 0, 'jross', 'Jeffrey', 'Banks', 'jbanks@minyx.com', 0, 0, '2012-09-14'),
(675, 'pbkdf2_sha256$12000$z6L1bhDbHBnv$H8IFZah4vBBYTZH6w', '2014-02-21', 1, 'gmyers', 'Laura', 'Kelley', 'lkelley@agivu.mil', 1, 1, '2013-11-15'),
(676, 'pbkdf2_sha256$12000$z6L1bhDbHBnv$H8IFZah4vBBYTZH6w', '2014-05-21', 0, 'rnguyen', 'Dennis', 'Perry', 'dperry@meevee.com', 1, 0, '2012-05-22'),
(677, 'pbkdf2_sha256$12000$z6L1bhDbHBnv$H8IFZah4vBBYTZH6w', '2014-03-24', 1, 'rsanders', 'Diane', 'Ferguson', 'dferguson@meevee.net', 0, 1, '2011-01-18'),
(678, 'pbkdf2_sha256$12000$z6L1bhDbHBnv$H8IFZah4vBBYTZH6w', '2014-06-18', 0, 'showell', 'Andrew', 'Wells', 'awells@edgetag.gov', 1, 0, '2011-01-11'),
(679, 'pbkdf2_sha256$12000$z6L1bhDbHBnv$H8IFZah4vBBYTZH6w', '2014-01-18', 1, 'glittle', 'Louise', 'Cruz', 'lcruz@quatz.org', 0, 1, '2013-12-04'),
(680, 'pbkdf2_sha256$12000$z6L1bhDbHBnv$H8IFZah4vBBYTZH6w', '2014-07-12', 1, 'tcooper', 'Carl', 'Bradley', 'cbradley@vinder.edu', 0, 0, '2011-09-29'),
(681, 'pbkdf2_sha256$12000$z6L1bhDbHBnv$H8IFZah4vBBYTZH6w', '2014-04-12', 0, 'tmedina', 'Billy', 'Martinez', 'bmartinez@skimia.mil', 1, 1, '2013-07-24'),
(682, 'pbkdf2_sha256$12000$z6L1bhDbHBnv$H8IFZah4vBBYTZH6w', '2014-03-09', 1, 'treyes', 'Barbara', 'Garrett', 'bgarrett@eamia.com', 0, 1, '2012-01-24'),
(683, 'pbkdf2_sha256$12000$z6L1bhDbHBnv$H8IFZah4vBBYTZH6w', '2014-07-17', 0, 'dhughes', 'Kathryn', 'Oliver', 'koliver@ainyx.net', 1, 0, '2012-04-14'),
(684, 'pbkdf2_sha256$12000$z6L1bhDbHBnv$H8IFZah4vBBYTZH6w', '2014-01-03', 1, 'mmorrison', 'Ralph', 'Rodriguez', 'rrodriguez@viva.edu', 0, 1, '2013-12-23'),
(685, 'pbkdf2_sha256$12000$z6L1bhDbHBnv$H8IFZah4vBBYTZH6w', '2014-05-01', 0, 'nmontgomery', 'Stephanie', 'Freeman', 'sfreeman@roombo.mil', 1, 1, '2012-11-03'),
(686, 'pbkdf2_sha256$12000$z6L1bhDbHBnv$H8IFZah4vBBYTZH6w', '2014-04-18', 1, 'jrice', 'Nancy', 'Garcia', 'ngarcia@mita.gov', 0, 0, '2011-08-04'),
(687, 'pbkdf2_sha256$12000$z6L1bhDbHBnv$H8IFZah4vBBYTZH6w', '2014-02-03', 0, 'pstevens', 'Catherine', 'Lynch', 'clynch@voonix.name', 0, 1, '2013-02-14'),
(688, 'pbkdf2_sha256$12000$z6L1bhDbHBnv$H8IFZah4vBBYTZH6w', '2014-02-05', 0, 'dclark', 'Emily', 'Hernandez', 'ehernandez@rhyloo.com', 1, 0, '2011-07-14'),
(689, 'pbkdf2_sha256$12000$z6L1bhDbHBnv$H8IFZah4vBBYTZH6w', '2014-01-19', 0, 'apowell', 'Beverly', 'Stephens', 'bstephens@wikido.mil', 1, 0, '2013-08-17'),
(690, 'pbkdf2_sha256$12000$z6L1bhDbHBnv$H8IFZah4vBBYTZH6w', '2014-07-06', 1, 'egordon', 'Harry', 'Harper', 'hharper@skinder.info', 0, 1, '2012-11-21'),
(691, 'pbkdf2_sha256$12000$z6L1bhDbHBnv$H8IFZah4vBBYTZH6w', '2014-04-09', 0, 'sfox', 'Kenneth', 'Rice', 'krice@thoughtsphere.biz', 0, 0, '2011-04-05'),
(692, 'pbkdf2_sha256$12000$z6L1bhDbHBnv$H8IFZah4vBBYTZH6w', '2014-06-27', 1, 'aschmidt', 'Christopher', 'Snyder', 'csnyder@thoughtbeat.edu', 1, 0, '2013-05-02'),
(693, 'pbkdf2_sha256$12000$z6L1bhDbHBnv$H8IFZah4vBBYTZH6w', '2014-05-29', 0, 'pmorris', 'Cheryl', 'Richards', 'crichards@kimia.biz', 1, 1, '2012-11-24'),
(694, 'pbkdf2_sha256$12000$z6L1bhDbHBnv$H8IFZah4vBBYTZH6w', '2014-06-07', 0, 'rcunningham', 'Joshua', 'Dixon', 'jdixon@realpoint.name', 0, 0, '2013-08-30'),
(695, 'pbkdf2_sha256$12000$z6L1bhDbHBnv$H8IFZah4vBBYTZH6w', '2014-03-03', 1, 'bromero', 'Phillip', 'Fernandez', 'pfernandez@zoomlounge.com', 0, 1, '2011-11-18'),
(696, 'pbkdf2_sha256$12000$z6L1bhDbHBnv$H8IFZah4vBBYTZH6w', '2014-03-06', 1, 'wcarr', 'Bobby', 'Hansen', 'bhansen@brainsphere.biz', 1, 1, '2013-09-16'),
(697, 'pbkdf2_sha256$12000$z6L1bhDbHBnv$H8IFZah4vBBYTZH6w', '2014-06-18', 0, 'wchavez', 'Irene', 'Carr', 'icarr@eidel.info', 0, 0, '2012-02-10'),
(698, 'pbkdf2_sha256$12000$z6L1bhDbHBnv$H8IFZah4vBBYTZH6w', '2014-03-21', 1, 'dcastillo', 'Peter', 'Lopez', 'plopez@brightdog.mil', 1, 0, '2012-09-02'),
(699, 'pbkdf2_sha256$12000$z6L1bhDbHBnv$H8IFZah4vBBYTZH6w', '2014-05-26', 0, 'dortiz', 'Jerry', 'Nichols', 'jnichols@skynoodle.org', 1, 1, '2013-02-03'),
(700, 'pbkdf2_sha256$12000$z6L1bhDbHBnv$H8IFZah4vBBYTZH6w', '2014-01-03', 0, 'bturner', 'Louis', 'Boyd', 'lboyd@thoughtstorm.com', 1, 0, '2012-12-15'),
(701, 'pbkdf2_sha256$12000$z6L1bhDbHBnv$H8IFZah4vBBYTZH6w', '2014-06-03', 1, 'jdean', 'Chris', 'Matthews', 'cmatthews@snaptags.edu', 1, 1, '2012-10-01'),
(702, 'pbkdf2_sha256$12000$z6L1bhDbHBnv$H8IFZah4vBBYTZH6w', '2014-05-31', 1, 'akelly', 'Debra', 'Simpson', 'dsimpson@kwimbee.name', 1, 1, '2012-08-30'),
(703, 'pbkdf2_sha256$12000$z6L1bhDbHBnv$H8IFZah4vBBYTZH6w', '2014-07-06', 0, 'gwalker', 'Jonathan', 'Simmons', 'jsimmons@ainyx.gov', 1, 0, '2012-08-01'),
(704, 'pbkdf2_sha256$12000$z6L1bhDbHBnv$H8IFZah4vBBYTZH6w', '2014-06-10', 0, 'cprice', 'Kathy', 'Price', 'kprice@photobug.com', 1, 1, '2011-04-25'),
(705, 'pbkdf2_sha256$12000$z6L1bhDbHBnv$H8IFZah4vBBYTZH6w', '2014-04-21', 1, 'bolson', 'Jesse', 'Morgan', 'jmorgan@mybuzz.org', 0, 1, '2011-08-08'),
(706, 'pbkdf2_sha256$12000$z6L1bhDbHBnv$H8IFZah4vBBYTZH6w', '2014-04-21', 0, 'chill', 'Jennifer', 'Butler', 'jbutler@jayo.org', 1, 0, '2012-12-02'),
(707, 'pbkdf2_sha256$12000$z6L1bhDbHBnv$H8IFZah4vBBYTZH6w', '2014-02-05', 0, 'crice', 'Carlos', 'Sanchez', 'csanchez@gabspot.net', 1, 1, '2011-03-17'),
(708, 'pbkdf2_sha256$12000$z6L1bhDbHBnv$H8IFZah4vBBYTZH6w', '2014-01-10', 1, 'cmyers', 'Marilyn', 'Powell', 'mpowell@meevee.org', 0, 0, '2011-07-31'),
(709, 'pbkdf2_sha256$12000$z6L1bhDbHBnv$H8IFZah4vBBYTZH6w', '2014-06-30', 1, 'pwelch', 'Timothy', 'Moreno', 'tmoreno@meembee.edu', 0, 0, '2011-10-02'),
(710, 'pbkdf2_sha256$12000$z6L1bhDbHBnv$H8IFZah4vBBYTZH6w', '2014-03-27', 1, 'jshaw', 'Craig', 'Martin', 'cmartin@bubblemix.info', 1, 0, '2012-04-25'),
(711, 'pbkdf2_sha256$12000$z6L1bhDbHBnv$H8IFZah4vBBYTZH6w', '2014-07-16', 1, 'gwilson', 'Ronald', 'Medina', 'rmedina@gigazoom.biz', 0, 0, '2013-03-30'),
(712, 'pbkdf2_sha256$12000$z6L1bhDbHBnv$H8IFZah4vBBYTZH6w', '2014-04-19', 1, 'jwatson', 'Kathleen', 'Nguyen', 'knguyen@buzzshare.edu', 0, 1, '2012-11-19'),
(713, 'pbkdf2_sha256$12000$z6L1bhDbHBnv$H8IFZah4vBBYTZH6w', '2014-03-16', 0, 'jhenderson', 'Russell', 'Fowler', 'rfowler@youopia.mil', 1, 1, '2011-11-02'),
(714, 'pbkdf2_sha256$12000$z6L1bhDbHBnv$H8IFZah4vBBYTZH6w', '2014-04-01', 0, 'hsimmons', 'Lori', 'Hamilton', 'lhamilton@meembee.info', 1, 0, '2013-03-01'),
(715, 'pbkdf2_sha256$12000$z6L1bhDbHBnv$H8IFZah4vBBYTZH6w', '2014-04-19', 0, 'tmontgomery', 'Brandon', 'Sanchez', 'bsanchez@meeveo.gov', 1, 1, '2013-09-30'),
(716, 'pbkdf2_sha256$12000$z6L1bhDbHBnv$H8IFZah4vBBYTZH6w', '2014-06-28', 0, 'elittle', 'George', 'Reid', 'greid@jayo.gov', 1, 0, '2012-06-11'),
(717, 'pbkdf2_sha256$12000$z6L1bhDbHBnv$H8IFZah4vBBYTZH6w', '2014-04-20', 0, 'rlawrence', 'David', 'Greene', 'dgreene@yakijo.net', 1, 1, '2011-02-27'),
(718, 'pbkdf2_sha256$12000$z6L1bhDbHBnv$H8IFZah4vBBYTZH6w', '2014-07-19', 1, 'jwalker', 'Phillip', 'Hunt', 'phunt@leenti.org', 1, 1, '2011-07-20'),
(719, 'pbkdf2_sha256$12000$z6L1bhDbHBnv$H8IFZah4vBBYTZH6w', '2014-05-27', 1, 'jgomez', 'Jeremy', 'Knight', 'jknight@twiyo.net', 0, 0, '2013-05-08'),
(720, 'pbkdf2_sha256$12000$z6L1bhDbHBnv$H8IFZah4vBBYTZH6w', '2014-06-30', 1, 'cphillips', 'Laura', 'Morris', 'lmorris@meevee.com', 1, 1, '2012-08-16'),
(721, 'pbkdf2_sha256$12000$z6L1bhDbHBnv$H8IFZah4vBBYTZH6w', '2014-04-17', 1, 'hgutierrez', 'Doris', 'Clark', 'dclark@thoughtsphere.info', 1, 0, '2011-12-12'),
(722, 'pbkdf2_sha256$12000$z6L1bhDbHBnv$H8IFZah4vBBYTZH6w', '2014-01-01', 0, 'bedwards', 'Benjamin', 'Nguyen', 'bnguyen@tagtune.com', 1, 0, '2012-12-01'),
(723, 'pbkdf2_sha256$12000$z6L1bhDbHBnv$H8IFZah4vBBYTZH6w', '2014-03-11', 1, 'gwelch', 'Brian', 'Coleman', 'bcoleman@quinu.mil', 1, 0, '2011-01-30'),
(724, 'pbkdf2_sha256$12000$z6L1bhDbHBnv$H8IFZah4vBBYTZH6w', '2014-07-21', 0, 'jfoster', 'Harold', 'Day', 'hday@jamia.mil', 1, 0, '2011-04-17'),
(725, 'pbkdf2_sha256$12000$z6L1bhDbHBnv$H8IFZah4vBBYTZH6w', '2014-06-04', 1, 'awebb', 'Alice', 'Gomez', 'agomez@edgepulse.com', 0, 0, '2012-08-05'),
(726, 'pbkdf2_sha256$12000$z6L1bhDbHBnv$H8IFZah4vBBYTZH6w', '2014-01-21', 1, 'rhunter', 'Brenda', 'Scott', 'bscott@minyx.net', 0, 1, '2011-05-30'),
(727, 'pbkdf2_sha256$12000$z6L1bhDbHBnv$H8IFZah4vBBYTZH6w', '2014-06-03', 0, 'evasquez', 'Steve', 'Mason', 'smason@podcat.mil', 1, 1, '2011-02-24'),
(728, 'pbkdf2_sha256$12000$z6L1bhDbHBnv$H8IFZah4vBBYTZH6w', '2014-03-31', 0, 'jharrison', 'Evelyn', 'Patterson', 'epatterson@meembee.gov', 1, 0, '2012-04-20'),
(729, 'pbkdf2_sha256$12000$z6L1bhDbHBnv$H8IFZah4vBBYTZH6w', '2014-07-02', 1, 'jhansen', 'Bonnie', 'Johnston', 'bjohnston@katz.biz', 0, 1, '2013-06-02'),
(730, 'pbkdf2_sha256$12000$z6L1bhDbHBnv$H8IFZah4vBBYTZH6w', '2014-05-01', 0, 'sjones', 'Willie', 'Carter', 'wcarter@layo.gov', 0, 1, '2011-07-14'),
(731, 'pbkdf2_sha256$12000$z6L1bhDbHBnv$H8IFZah4vBBYTZH6w', '2014-06-05', 0, 'tfowler', 'Melissa', 'Harris', 'mharris@gabcube.net', 1, 1, '2012-12-05'),
(732, 'pbkdf2_sha256$12000$z6L1bhDbHBnv$H8IFZah4vBBYTZH6w', '2014-02-27', 1, 'acunningham', 'Doris', 'Baker', 'dbaker@roombo.info', 1, 0, '2013-03-14'),
(733, 'pbkdf2_sha256$12000$z6L1bhDbHBnv$H8IFZah4vBBYTZH6w', '2014-03-18', 0, 'kallen', 'Heather', 'Gray', 'hgray@skimia.net', 0, 0, '2011-07-18'),
(734, 'pbkdf2_sha256$12000$z6L1bhDbHBnv$H8IFZah4vBBYTZH6w', '2014-02-20', 0, 'kjenkins', 'Doris', 'Willis', 'dwillis@wikibox.info', 1, 0, '2013-02-26'),
(735, 'pbkdf2_sha256$12000$z6L1bhDbHBnv$H8IFZah4vBBYTZH6w', '2014-07-05', 0, 'fholmes', 'Johnny', 'Hernandez', 'jhernandez@jabbersphere.com', 0, 0, '2013-12-30'),
(736, 'pbkdf2_sha256$12000$z6L1bhDbHBnv$H8IFZah4vBBYTZH6w', '2014-06-02', 1, 'djames', 'Ashley', 'Patterson', 'apatterson@feedfire.biz', 0, 0, '2011-09-10'),
(737, 'pbkdf2_sha256$12000$z6L1bhDbHBnv$H8IFZah4vBBYTZH6w', '2014-06-20', 1, 'sgreen', 'Richard', 'Butler', 'rbutler@feedspan.name', 0, 1, '2011-08-22'),
(738, 'pbkdf2_sha256$12000$z6L1bhDbHBnv$H8IFZah4vBBYTZH6w', '2014-02-23', 1, 'pfisher', 'Susan', 'Arnold', 'sarnold@flashdog.edu', 0, 0, '2013-01-22'),
(739, 'pbkdf2_sha256$12000$z6L1bhDbHBnv$H8IFZah4vBBYTZH6w', '2014-01-11', 0, 'jpatterson', 'Frank', 'Stewart', 'fstewart@tagopia.info', 1, 1, '2012-10-12'),
(740, 'pbkdf2_sha256$12000$z6L1bhDbHBnv$H8IFZah4vBBYTZH6w', '2014-01-11', 1, 'ahanson', 'Barbara', 'Davis', 'bdavis@jumpxs.org', 0, 0, '2013-04-10'),
(741, 'pbkdf2_sha256$12000$z6L1bhDbHBnv$H8IFZah4vBBYTZH6w', '2014-03-02', 0, 'tcollins', 'Mark', 'Lawson', 'mlawson@tazz.org', 0, 1, '2012-11-14'),
(742, 'pbkdf2_sha256$12000$z6L1bhDbHBnv$H8IFZah4vBBYTZH6w', '2014-05-22', 0, 'tphillips', 'Lawrence', 'Elliott', 'lelliott@fivebridge.biz', 1, 1, '2012-07-25'),
(743, 'pbkdf2_sha256$12000$z6L1bhDbHBnv$H8IFZah4vBBYTZH6w', '2014-07-18', 0, 'gturner', 'Chris', 'Fisher', 'cfisher@jamia.org', 1, 0, '2013-05-25'),
(744, 'pbkdf2_sha256$12000$z6L1bhDbHBnv$H8IFZah4vBBYTZH6w', '2014-02-11', 1, 'chicks', 'Clarence', 'Franklin', 'cfranklin@gigazoom.name', 0, 1, '2011-02-06'),
(745, 'pbkdf2_sha256$12000$z6L1bhDbHBnv$H8IFZah4vBBYTZH6w', '2014-06-06', 1, 'ewagner', 'Jacqueline', 'Gray', 'jgray@twiyo.edu', 0, 1, '2011-01-24'),
(746, 'pbkdf2_sha256$12000$z6L1bhDbHBnv$H8IFZah4vBBYTZH6w', '2014-06-14', 0, 'cperez', 'Kathleen', 'Myers', 'kmyers@skipfire.org', 0, 1, '2013-05-19'),
(747, 'pbkdf2_sha256$12000$z6L1bhDbHBnv$H8IFZah4vBBYTZH6w', '2014-05-06', 0, 'abell', 'Jason', 'Russell', 'jrussell@wikibox.gov', 0, 1, '2012-10-04'),
(748, 'pbkdf2_sha256$12000$z6L1bhDbHBnv$H8IFZah4vBBYTZH6w', '2014-04-01', 1, 'shudson', 'Margaret', 'Phillips', 'mphillips@flashdog.net', 0, 1, '2011-11-19'),
(749, 'pbkdf2_sha256$12000$z6L1bhDbHBnv$H8IFZah4vBBYTZH6w', '2014-02-17', 1, 'plewis', 'Mildred', 'Hill', 'mhill@blognation.gov', 0, 0, '2013-05-26'),
(750, 'pbkdf2_sha256$12000$z6L1bhDbHBnv$H8IFZah4vBBYTZH6w', '2014-06-19', 1, 'fstone', 'Kathryn', 'Watson', 'kwatson@ntags.name', 0, 1, '2013-04-07'),
(751, 'pbkdf2_sha256$12000$z6L1bhDbHBnv$H8IFZah4vBBYTZH6w', '2014-04-07', 0, 'jgreen', 'Amy', 'Welch', 'awelch@feedmix.name', 1, 0, '2013-10-25'),
(752, 'pbkdf2_sha256$12000$z6L1bhDbHBnv$H8IFZah4vBBYTZH6w', '2014-02-28', 1, 'dking', 'Paula', 'Wright', 'pwright@tagpad.biz', 0, 0, '2012-06-12'),
(753, 'pbkdf2_sha256$12000$z6L1bhDbHBnv$H8IFZah4vBBYTZH6w', '2014-02-26', 0, 'wlarson', 'Ernest', 'Mccoy', 'emccoy@gigashots.info', 1, 0, '2013-07-08'),
(754, 'pbkdf2_sha256$12000$z6L1bhDbHBnv$H8IFZah4vBBYTZH6w', '2014-02-16', 1, 'cmorales', 'Nancy', 'Berry', 'nberry@eayo.edu', 1, 1, '2012-05-07'),
(755, 'pbkdf2_sha256$12000$z6L1bhDbHBnv$H8IFZah4vBBYTZH6w', '2014-04-23', 0, 'rhill', 'Deborah', 'Burton', 'dburton@feedfire.gov', 1, 0, '2012-10-18'),
(756, 'pbkdf2_sha256$12000$z6L1bhDbHBnv$H8IFZah4vBBYTZH6w', '2014-03-01', 1, 'cfuller', 'Jerry', 'Pierce', 'jpierce@linklinks.biz', 0, 0, '2013-06-01'),
(757, 'pbkdf2_sha256$12000$z6L1bhDbHBnv$H8IFZah4vBBYTZH6w', '2014-06-27', 0, 'srobertson', 'Debra', 'Bishop', 'dbishop@plambee.mil', 0, 0, '2013-09-13'),
(758, 'pbkdf2_sha256$12000$z6L1bhDbHBnv$H8IFZah4vBBYTZH6w', '2014-05-16', 0, 'pperry', 'Barbara', 'Davis', 'bdavis@yoveo.org', 0, 1, '2013-12-03'),
(759, 'pbkdf2_sha256$12000$z6L1bhDbHBnv$H8IFZah4vBBYTZH6w', '2014-03-20', 0, 'mpeterson', 'Ruth', 'Fisher', 'rfisher@zoombeat.com', 0, 1, '2012-07-03'),
(760, 'pbkdf2_sha256$12000$z6L1bhDbHBnv$H8IFZah4vBBYTZH6w', '2014-01-27', 0, 'ehudson', 'George', 'Fox', 'gfox@divape.gov', 0, 1, '2011-04-04'),
(761, 'pbkdf2_sha256$12000$z6L1bhDbHBnv$H8IFZah4vBBYTZH6w', '2014-04-18', 0, 'mpalmer', 'Barbara', 'Butler', 'bbutler@aibox.edu', 0, 0, '2012-04-15'),
(762, 'pbkdf2_sha256$12000$z6L1bhDbHBnv$H8IFZah4vBBYTZH6w', '2014-02-22', 0, 'smitchell', 'Judy', 'Butler', 'jbutler@eare.com', 0, 0, '2012-01-11'),
(763, 'pbkdf2_sha256$12000$z6L1bhDbHBnv$H8IFZah4vBBYTZH6w', '2014-01-08', 0, 'jstephens', 'Jesse', 'Patterson', 'jpatterson@blogtags.edu', 0, 0, '2011-09-15'),
(764, 'pbkdf2_sha256$12000$z6L1bhDbHBnv$H8IFZah4vBBYTZH6w', '2014-02-27', 0, 'nmatthews', 'Angela', 'Kennedy', 'akennedy@realbuzz.info', 0, 1, '2013-02-27'),
(765, 'pbkdf2_sha256$12000$z6L1bhDbHBnv$H8IFZah4vBBYTZH6w', '2014-07-20', 0, 'janderson', 'Anne', 'Wells', 'awells@linklinks.gov', 1, 1, '2013-10-10'),
(766, 'pbkdf2_sha256$12000$z6L1bhDbHBnv$H8IFZah4vBBYTZH6w', '2014-05-30', 1, 'jdiaz', 'Keith', 'Watkins', 'kwatkins@voolia.gov', 0, 1, '2011-11-10'),
(767, 'pbkdf2_sha256$12000$z6L1bhDbHBnv$H8IFZah4vBBYTZH6w', '2014-05-20', 0, 'hrose', 'Kathleen', 'Oliver', 'koliver@vinte.org', 1, 1, '2012-08-31'),
(768, 'pbkdf2_sha256$12000$z6L1bhDbHBnv$H8IFZah4vBBYTZH6w', '2014-04-11', 0, 'cmyers', 'Frank', 'Gilbert', 'fgilbert@realcube.mil', 0, 1, '2013-02-16'),
(769, 'pbkdf2_sha256$12000$z6L1bhDbHBnv$H8IFZah4vBBYTZH6w', '2014-01-10', 1, 'ssullivan', 'Joseph', 'Howard', 'jhoward@thoughtworks.com', 0, 0, '2012-09-12'),
(770, 'pbkdf2_sha256$12000$z6L1bhDbHBnv$H8IFZah4vBBYTZH6w', '2014-01-14', 0, 'agreene', 'Aaron', 'Walker', 'awalker@rhyzio.biz', 0, 0, '2011-08-09'),
(771, 'pbkdf2_sha256$12000$z6L1bhDbHBnv$H8IFZah4vBBYTZH6w', '2014-07-13', 0, 'tburns', 'Jimmy', 'Green', 'jgreen@digitube.edu', 1, 0, '2012-11-17'),
(772, 'pbkdf2_sha256$12000$z6L1bhDbHBnv$H8IFZah4vBBYTZH6w', '2014-01-19', 0, 'emason', 'Joseph', 'Armstrong', 'jarmstrong@skyble.name', 0, 1, '2011-10-03'),
(773, 'pbkdf2_sha256$12000$z6L1bhDbHBnv$H8IFZah4vBBYTZH6w', '2014-05-24', 0, 'clarson', 'Betty', 'Garrett', 'bgarrett@edgeify.mil', 1, 1, '2013-04-21'),
(774, 'pbkdf2_sha256$12000$z6L1bhDbHBnv$H8IFZah4vBBYTZH6w', '2014-01-14', 1, 'mking', 'Carolyn', 'Meyer', 'cmeyer@meeveo.info', 0, 1, '2012-02-21'),
(775, 'pbkdf2_sha256$12000$z6L1bhDbHBnv$H8IFZah4vBBYTZH6w', '2014-01-26', 1, 'jgilbert', 'Denise', 'Robertson', 'drobertson@camido.name', 0, 0, '2011-01-23'),
(776, 'pbkdf2_sha256$12000$z6L1bhDbHBnv$H8IFZah4vBBYTZH6w', '2014-05-10', 1, 'rhudson', 'Amanda', 'Martin', 'amartin@devshare.gov', 0, 1, '2013-07-10'),
(777, 'pbkdf2_sha256$12000$z6L1bhDbHBnv$H8IFZah4vBBYTZH6w', '2014-06-04', 0, 'fromero', 'Marilyn', 'Wells', 'mwells@mycat.biz', 1, 0, '2012-03-07'),
(778, 'pbkdf2_sha256$12000$z6L1bhDbHBnv$H8IFZah4vBBYTZH6w', '2014-04-13', 1, 'sbennett', 'Eric', 'Stone', 'estone@twimbo.biz', 1, 1, '2011-10-28'),
(779, 'pbkdf2_sha256$12000$z6L1bhDbHBnv$H8IFZah4vBBYTZH6w', '2014-05-16', 0, 'rdunn', 'Gregory', 'Matthews', 'gmatthews@realblab.biz', 1, 1, '2013-09-26'),
(780, 'pbkdf2_sha256$12000$z6L1bhDbHBnv$H8IFZah4vBBYTZH6w', '2014-03-30', 0, 'dphillips', 'Sandra', 'Hernandez', 'shernandez@oyonder.biz', 0, 0, '2013-09-25'),
(781, 'pbkdf2_sha256$12000$z6L1bhDbHBnv$H8IFZah4vBBYTZH6w', '2014-07-06', 1, 'cmartin', 'Terry', 'Cook', 'tcook@avavee.gov', 1, 1, '2012-02-13'),
(782, 'pbkdf2_sha256$12000$z6L1bhDbHBnv$H8IFZah4vBBYTZH6w', '2014-03-02', 0, 'jbishop', 'John', 'Knight', 'jknight@jabbercube.name', 1, 1, '2013-03-06'),
(783, 'pbkdf2_sha256$12000$z6L1bhDbHBnv$H8IFZah4vBBYTZH6w', '2014-01-07', 1, 'dlynch', 'Anne', 'Robinson', 'arobinson@zoomcast.info', 0, 0, '2013-02-18'),
(784, 'pbkdf2_sha256$12000$z6L1bhDbHBnv$H8IFZah4vBBYTZH6w', '2014-06-07', 1, 'ahernandez', 'Harry', 'Harrison', 'hharrison@meedoo.biz', 0, 1, '2011-12-17'),
(785, 'pbkdf2_sha256$12000$z6L1bhDbHBnv$H8IFZah4vBBYTZH6w', '2014-02-11', 0, 'mlawrence', 'Wanda', 'Ellis', 'wellis@cogilith.name', 0, 0, '2012-11-14'),
(786, 'pbkdf2_sha256$12000$z6L1bhDbHBnv$H8IFZah4vBBYTZH6w', '2014-05-01', 1, 'srivera', 'Raymond', 'Cruz', 'rcruz@ailane.biz', 0, 1, '2011-11-23'),
(787, 'pbkdf2_sha256$12000$z6L1bhDbHBnv$H8IFZah4vBBYTZH6w', '2014-02-02', 0, 'kfields', 'Rose', 'Mitchell', 'rmitchell@edgepulse.mil', 1, 1, '2012-12-02'),
(788, 'pbkdf2_sha256$12000$z6L1bhDbHBnv$H8IFZah4vBBYTZH6w', '2014-07-04', 1, 'treed', 'Steven', 'Mason', 'smason@gigabox.net', 0, 0, '2013-07-23'),
(789, 'pbkdf2_sha256$12000$z6L1bhDbHBnv$H8IFZah4vBBYTZH6w', '2014-05-07', 0, 'jmills', 'Anna', 'Arnold', 'aarnold@jabbersphere.gov', 0, 0, '2012-06-15'),
(790, 'pbkdf2_sha256$12000$z6L1bhDbHBnv$H8IFZah4vBBYTZH6w', '2014-03-11', 1, 'kberry', 'Andrea', 'Reyes', 'areyes@yamia.org', 1, 1, '2011-05-05'),
(791, 'pbkdf2_sha256$12000$z6L1bhDbHBnv$H8IFZah4vBBYTZH6w', '2014-03-05', 0, 'skim', 'Robert', 'Wright', 'rwright@ailane.edu', 1, 1, '2012-03-31'),
(792, 'pbkdf2_sha256$12000$z6L1bhDbHBnv$H8IFZah4vBBYTZH6w', '2014-02-03', 1, 'nmedina', 'Russell', 'Burns', 'rburns@skilith.gov', 0, 1, '2012-11-20'),
(793, 'pbkdf2_sha256$12000$z6L1bhDbHBnv$H8IFZah4vBBYTZH6w', '2014-05-15', 1, 'lstone', 'Phyllis', 'Flores', 'pflores@meemm.com', 1, 0, '2012-02-29'),
(794, 'pbkdf2_sha256$12000$z6L1bhDbHBnv$H8IFZah4vBBYTZH6w', '2014-05-12', 0, 'phudson', 'Jimmy', 'Johnston', 'jjohnston@gigashots.com', 1, 0, '2011-03-23'),
(795, 'pbkdf2_sha256$12000$z6L1bhDbHBnv$H8IFZah4vBBYTZH6w', '2014-03-15', 1, 'raustin', 'Chris', 'Mills', 'cmills@tagopia.edu', 0, 1, '2012-11-11'),
(796, 'pbkdf2_sha256$12000$z6L1bhDbHBnv$H8IFZah4vBBYTZH6w', '2014-03-06', 1, 'jcarroll', 'Julia', 'Powell', 'jpowell@tazzy.info', 1, 1, '2012-11-15'),
(797, 'pbkdf2_sha256$12000$z6L1bhDbHBnv$H8IFZah4vBBYTZH6w', '2014-02-23', 1, 'jbailey', 'Jessica', 'Hunt', 'jhunt@zoovu.org', 0, 1, '2013-11-08'),
(798, 'pbkdf2_sha256$12000$z6L1bhDbHBnv$H8IFZah4vBBYTZH6w', '2014-01-01', 0, 'jellis', 'Anna', 'Elliott', 'aelliott@youopia.net', 1, 1, '2013-08-11'),
(799, 'pbkdf2_sha256$12000$z6L1bhDbHBnv$H8IFZah4vBBYTZH6w', '2014-04-25', 1, 'aduncan', 'Billy', 'Wright', 'bwright@jatri.mil', 1, 1, '2011-08-11'),
(800, 'pbkdf2_sha256$12000$z6L1bhDbHBnv$H8IFZah4vBBYTZH6w', '2014-04-06', 0, 'jgonzalez', 'Gloria', 'Taylor', 'gtaylor@linktype.edu', 0, 1, '2011-01-23'),
(801, 'pbkdf2_sha256$12000$z6L1bhDbHBnv$H8IFZah4vBBYTZH6w', '2014-06-18', 0, 'jevans', 'Mary', 'Romero', 'mromero@voolia.net', 1, 0, '2013-06-19'),
(802, 'pbkdf2_sha256$12000$z6L1bhDbHBnv$H8IFZah4vBBYTZH6w', '2014-03-30', 0, 'ttucker', 'Joan', 'Wallace', 'jwallace@realfire.org', 0, 1, '2012-01-03'),
(803, 'pbkdf2_sha256$12000$z6L1bhDbHBnv$H8IFZah4vBBYTZH6w', '2014-02-01', 0, 'colson', 'Nancy', 'Anderson', 'nanderson@meeveo.biz', 0, 0, '2011-08-23'),
(804, 'pbkdf2_sha256$12000$z6L1bhDbHBnv$H8IFZah4vBBYTZH6w', '2014-03-10', 1, 'awallace', 'Frances', 'Oliver', 'foliver@eazzy.net', 0, 0, '2012-02-09'),
(805, 'pbkdf2_sha256$12000$z6L1bhDbHBnv$H8IFZah4vBBYTZH6w', '2014-01-19', 1, 'phill', 'Fred', 'Hall', 'fhall@mybuzz.org', 1, 0, '2012-03-08'),
(806, 'pbkdf2_sha256$12000$z6L1bhDbHBnv$H8IFZah4vBBYTZH6w', '2014-02-05', 1, 'nbrooks', 'Ruth', 'Scott', 'rscott@kaymbo.biz', 0, 0, '2013-03-13'),
(807, 'pbkdf2_sha256$12000$z6L1bhDbHBnv$H8IFZah4vBBYTZH6w', '2014-02-03', 1, 'ewilson', 'Heather', 'Frazier', 'hfrazier@myworks.mil', 1, 0, '2012-01-09'),
(808, 'pbkdf2_sha256$12000$z6L1bhDbHBnv$H8IFZah4vBBYTZH6w', '2014-04-05', 0, 'ageorge', 'Wayne', 'Harrison', 'wharrison@meevee.edu', 0, 1, '2011-09-19'),
(809, 'pbkdf2_sha256$12000$z6L1bhDbHBnv$H8IFZah4vBBYTZH6w', '2014-04-28', 1, 'jharvey', 'Ann', 'Nelson', 'anelson@topiczoom.info', 0, 0, '2011-04-30'),
(810, 'pbkdf2_sha256$12000$z6L1bhDbHBnv$H8IFZah4vBBYTZH6w', '2014-04-05', 1, 'vhudson', 'Richard', 'Burke', 'rburke@ozu.biz', 1, 0, '2011-02-08'),
(811, 'pbkdf2_sha256$12000$z6L1bhDbHBnv$H8IFZah4vBBYTZH6w', '2014-03-20', 1, 'mwatson', 'Billy', 'Jackson', 'bjackson@skyble.gov', 1, 1, '2011-09-12'),
(812, 'pbkdf2_sha256$12000$z6L1bhDbHBnv$H8IFZah4vBBYTZH6w', '2014-05-12', 1, 'tmason', 'Joshua', 'Kelley', 'jkelley@quamba.edu', 1, 1, '2011-03-02'),
(813, 'pbkdf2_sha256$12000$z6L1bhDbHBnv$H8IFZah4vBBYTZH6w', '2014-01-15', 1, 'jmoore', 'Peter', 'Porter', 'pporter@zoovu.com', 0, 1, '2012-10-26'),
(814, 'pbkdf2_sha256$12000$z6L1bhDbHBnv$H8IFZah4vBBYTZH6w', '2014-06-04', 0, 'wreed', 'Cynthia', 'Roberts', 'croberts@skynoodle.net', 1, 0, '2011-05-10'),
(815, 'pbkdf2_sha256$12000$z6L1bhDbHBnv$H8IFZah4vBBYTZH6w', '2014-01-27', 1, 'emorales', 'Shawn', 'Hayes', 'shayes@yodel.org', 0, 0, '2012-08-13'),
(816, 'pbkdf2_sha256$12000$z6L1bhDbHBnv$H8IFZah4vBBYTZH6w', '2014-06-10', 1, 'hharper', 'Todd', 'Rodriguez', 'trodriguez@topicshots.org', 1, 0, '2012-06-07'),
(817, 'pbkdf2_sha256$12000$z6L1bhDbHBnv$H8IFZah4vBBYTZH6w', '2014-06-29', 0, 'ggomez', 'Sean', 'Davis', 'sdavis@leenti.name', 0, 0, '2013-10-16'),
(818, 'pbkdf2_sha256$12000$z6L1bhDbHBnv$H8IFZah4vBBYTZH6w', '2014-01-22', 1, 'rbarnes', 'Anne', 'Matthews', 'amatthews@buzzshare.gov', 1, 1, '2011-04-26'),
(819, 'pbkdf2_sha256$12000$z6L1bhDbHBnv$H8IFZah4vBBYTZH6w', '2014-03-20', 1, 'crice', 'Carolyn', 'Green', 'cgreen@aivee.biz', 0, 1, '2012-03-03'),
(820, 'pbkdf2_sha256$12000$z6L1bhDbHBnv$H8IFZah4vBBYTZH6w', '2014-05-10', 1, 'etucker', 'Henry', 'Knight', 'hknight@dabfeed.info', 0, 1, '2013-11-15'),
(821, 'pbkdf2_sha256$12000$z6L1bhDbHBnv$H8IFZah4vBBYTZH6w', '2014-07-02', 0, 'athomas', 'Theresa', 'James', 'tjames@gevee.name', 1, 0, '2012-07-24'),
(822, 'pbkdf2_sha256$12000$z6L1bhDbHBnv$H8IFZah4vBBYTZH6w', '2014-06-15', 1, 'srobertson', 'Judy', 'Ryan', 'jryan@brightbean.info', 1, 0, '2011-04-20'),
(823, 'pbkdf2_sha256$12000$z6L1bhDbHBnv$H8IFZah4vBBYTZH6w', '2014-04-24', 0, 'ktaylor', 'Lisa', 'Woods', 'lwoods@gabtype.com', 0, 1, '2013-05-30'),
(824, 'pbkdf2_sha256$12000$z6L1bhDbHBnv$H8IFZah4vBBYTZH6w', '2014-03-09', 0, 'jmeyer', 'Jennifer', 'Torres', 'jtorres@lazzy.com', 0, 0, '2012-04-22'),
(825, 'pbkdf2_sha256$12000$z6L1bhDbHBnv$H8IFZah4vBBYTZH6w', '2014-06-21', 1, 'mprice', 'David', 'Mcdonald', 'dmcdonald@skipfire.name', 0, 1, '2012-06-04'),
(826, 'pbkdf2_sha256$12000$z6L1bhDbHBnv$H8IFZah4vBBYTZH6w', '2014-01-14', 0, 'chamilton', 'Ruby', 'Weaver', 'rweaver@youbridge.info', 1, 1, '2013-08-10'),
(827, 'pbkdf2_sha256$12000$z6L1bhDbHBnv$H8IFZah4vBBYTZH6w', '2014-03-11', 1, 'sdean', 'Wanda', 'Hughes', 'whughes@dynazzy.biz', 0, 1, '2013-05-23'),
(828, 'pbkdf2_sha256$12000$z6L1bhDbHBnv$H8IFZah4vBBYTZH6w', '2014-01-31', 0, 'wfrazier', 'Judy', 'Weaver', 'jweaver@realmix.com', 1, 0, '2011-12-25'),
(829, 'pbkdf2_sha256$12000$z6L1bhDbHBnv$H8IFZah4vBBYTZH6w', '2014-05-09', 1, 'esims', 'Christina', 'Parker', 'cparker@demimbu.biz', 1, 1, '2012-09-10'),
(830, 'pbkdf2_sha256$12000$z6L1bhDbHBnv$H8IFZah4vBBYTZH6w', '2014-05-08', 0, 'pgraham', 'Kathryn', 'Anderson', 'kanderson@meevee.info', 1, 0, '2011-03-19'),
(831, 'pbkdf2_sha256$12000$z6L1bhDbHBnv$H8IFZah4vBBYTZH6w', '2014-05-09', 1, 'rwillis', 'Harold', 'Montgomery', 'hmontgomery@jaxbean.info', 0, 0, '2012-09-20'),
(832, 'pbkdf2_sha256$12000$z6L1bhDbHBnv$H8IFZah4vBBYTZH6w', '2014-03-06', 0, 'bhall', 'Daniel', 'George', 'dgeorge@feedbug.mil', 0, 0, '2012-01-27'),
(833, 'pbkdf2_sha256$12000$z6L1bhDbHBnv$H8IFZah4vBBYTZH6w', '2014-05-01', 0, 'gperez', 'Bobby', 'Tucker', 'btucker@kazu.net', 0, 1, '2013-09-04'),
(834, 'pbkdf2_sha256$12000$z6L1bhDbHBnv$H8IFZah4vBBYTZH6w', '2014-05-01', 0, 'rcarter', 'Earl', 'Harvey', 'eharvey@eazzy.com', 1, 0, '2011-02-20'),
(835, 'pbkdf2_sha256$12000$z6L1bhDbHBnv$H8IFZah4vBBYTZH6w', '2014-03-12', 0, 'cbowman', 'Juan', 'Rodriguez', 'jrodriguez@realbridge.info', 0, 1, '2011-05-01'),
(836, 'pbkdf2_sha256$12000$z6L1bhDbHBnv$H8IFZah4vBBYTZH6w', '2014-02-16', 1, 'jbennett', 'Paula', 'Reynolds', 'preynolds@linktype.gov', 0, 1, '2013-07-04'),
(837, 'pbkdf2_sha256$12000$z6L1bhDbHBnv$H8IFZah4vBBYTZH6w', '2014-06-20', 1, 'mortiz', 'John', 'Fuller', 'jfuller@voonte.net', 0, 1, '2011-05-26'),
(838, 'pbkdf2_sha256$12000$z6L1bhDbHBnv$H8IFZah4vBBYTZH6w', '2014-07-08', 0, 'lcunningham', 'Charles', 'Mitchell', 'cmitchell@voonder.biz', 0, 1, '2011-06-05'),
(839, 'pbkdf2_sha256$12000$z6L1bhDbHBnv$H8IFZah4vBBYTZH6w', '2014-05-17', 1, 'wmorgan', 'Susan', 'Gonzales', 'sgonzales@ooba.info', 1, 0, '2012-08-25'),
(840, 'pbkdf2_sha256$12000$z6L1bhDbHBnv$H8IFZah4vBBYTZH6w', '2014-02-05', 0, 'smurray', 'Jimmy', 'Green', 'jgreen@yodel.mil', 0, 1, '2013-11-26'),
(841, 'pbkdf2_sha256$12000$z6L1bhDbHBnv$H8IFZah4vBBYTZH6w', '2014-01-14', 1, 'sanderson', 'Paula', 'Bell', 'pbell@demivee.gov', 0, 0, '2013-04-15'),
(842, 'pbkdf2_sha256$12000$z6L1bhDbHBnv$H8IFZah4vBBYTZH6w', '2014-02-21', 0, 'taustin', 'Antonio', 'Robinson', 'arobinson@photobug.mil', 0, 1, '2011-09-19'),
(843, 'pbkdf2_sha256$12000$z6L1bhDbHBnv$H8IFZah4vBBYTZH6w', '2014-03-17', 1, 'pburton', 'Frances', 'Arnold', 'farnold@nlounge.biz', 0, 0, '2012-07-11'),
(844, 'pbkdf2_sha256$12000$z6L1bhDbHBnv$H8IFZah4vBBYTZH6w', '2014-06-12', 1, 'mpeters', 'Gloria', 'Marshall', 'gmarshall@voolia.org', 0, 1, '2012-05-11'),
(845, 'pbkdf2_sha256$12000$z6L1bhDbHBnv$H8IFZah4vBBYTZH6w', '2014-03-13', 0, 'epalmer', 'Kelly', 'Hayes', 'khayes@skiptube.org', 0, 0, '2012-06-09'),
(846, 'pbkdf2_sha256$12000$z6L1bhDbHBnv$H8IFZah4vBBYTZH6w', '2014-01-11', 1, 'jchavez', 'Michael', 'Kelley', 'mkelley@kayveo.info', 0, 0, '2011-09-16'),
(847, 'pbkdf2_sha256$12000$z6L1bhDbHBnv$H8IFZah4vBBYTZH6w', '2014-03-01', 0, 'jjackson', 'Diana', 'Ray', 'dray@linklinks.org', 0, 0, '2012-09-19'),
(848, 'pbkdf2_sha256$12000$z6L1bhDbHBnv$H8IFZah4vBBYTZH6w', '2014-07-14', 0, 'cwallace', 'Jennifer', 'Lewis', 'jlewis@wordify.edu', 1, 0, '2011-05-28'),
(849, 'pbkdf2_sha256$12000$z6L1bhDbHBnv$H8IFZah4vBBYTZH6w', '2014-03-16', 1, 'adean', 'Carol', 'Coleman', 'ccoleman@gabvine.gov', 1, 0, '2012-02-20'),
(850, 'pbkdf2_sha256$12000$z6L1bhDbHBnv$H8IFZah4vBBYTZH6w', '2014-07-21', 1, 'awillis', 'Pamela', 'Hughes', 'phughes@gigazoom.biz', 0, 1, '2012-07-10'),
(851, 'pbkdf2_sha256$12000$z6L1bhDbHBnv$H8IFZah4vBBYTZH6w', '2014-04-01', 0, 'wortiz', 'Julie', 'Gray', 'jgray@twimm.com', 1, 1, '2011-01-03'),
(852, 'pbkdf2_sha256$12000$z6L1bhDbHBnv$H8IFZah4vBBYTZH6w', '2014-05-16', 0, 'ghowell', 'Keith', 'Turner', 'kturner@zava.org', 0, 1, '2013-10-22'),
(853, 'pbkdf2_sha256$12000$z6L1bhDbHBnv$H8IFZah4vBBYTZH6w', '2014-05-03', 1, 'aroberts', 'Evelyn', 'Garcia', 'egarcia@linkbuzz.info', 1, 1, '2013-05-11'),
(854, 'pbkdf2_sha256$12000$z6L1bhDbHBnv$H8IFZah4vBBYTZH6w', '2014-05-16', 1, 'hwright', 'Roger', 'Gardner', 'rgardner@devify.edu', 1, 0, '2013-10-05'),
(855, 'pbkdf2_sha256$12000$z6L1bhDbHBnv$H8IFZah4vBBYTZH6w', '2014-03-29', 1, 'jwalker', 'Denise', 'Alexander', 'dalexander@chatterbridge.info', 0, 1, '2012-01-13'),
(856, 'pbkdf2_sha256$12000$z6L1bhDbHBnv$H8IFZah4vBBYTZH6w', '2014-03-31', 1, 'jsimpson', 'Benjamin', 'Miller', 'bmiller@bubblebox.mil', 0, 0, '2011-02-24'),
(857, 'pbkdf2_sha256$12000$z6L1bhDbHBnv$H8IFZah4vBBYTZH6w', '2014-01-22', 1, 'gpatterson', 'Ryan', 'Fields', 'rfields@dabtype.mil', 0, 1, '2012-05-26'),
(858, 'pbkdf2_sha256$12000$z6L1bhDbHBnv$H8IFZah4vBBYTZH6w', '2014-04-12', 1, 'jdiaz', 'Henry', 'Bowman', 'hbowman@topicstorm.biz', 1, 0, '2013-05-09'),
(859, 'pbkdf2_sha256$12000$z6L1bhDbHBnv$H8IFZah4vBBYTZH6w', '2014-07-16', 0, 'jwarren', 'Douglas', 'Price', 'dprice@topdrive.gov', 0, 0, '2012-04-30'),
(860, 'pbkdf2_sha256$12000$z6L1bhDbHBnv$H8IFZah4vBBYTZH6w', '2014-02-27', 0, 'hjordan', 'Paul', 'Mills', 'pmills@buzzster.org', 1, 1, '2013-06-23'),
(861, 'pbkdf2_sha256$12000$z6L1bhDbHBnv$H8IFZah4vBBYTZH6w', '2014-01-15', 0, 'dlane', 'Edward', 'Lane', 'elane@gabtype.org', 1, 1, '2011-03-06'),
(862, 'pbkdf2_sha256$12000$z6L1bhDbHBnv$H8IFZah4vBBYTZH6w', '2014-05-07', 0, 'rmurray', 'Ruth', 'Grant', 'rgrant@jabbertype.net', 0, 0, '2012-05-04'),
(863, 'pbkdf2_sha256$12000$z6L1bhDbHBnv$H8IFZah4vBBYTZH6w', '2014-05-11', 1, 'dmccoy', 'Arthur', 'Robinson', 'arobinson@oodoo.edu', 1, 1, '2011-02-28'),
(864, 'pbkdf2_sha256$12000$z6L1bhDbHBnv$H8IFZah4vBBYTZH6w', '2014-03-26', 0, 'dmitchell', 'Earl', 'Ray', 'eray@photojam.gov', 1, 0, '2012-06-20'),
(865, 'pbkdf2_sha256$12000$z6L1bhDbHBnv$H8IFZah4vBBYTZH6w', '2014-07-20', 0, 'dburns', 'Brian', 'Barnes', 'bbarnes@mynte.name', 0, 1, '2011-07-20'),
(866, 'pbkdf2_sha256$12000$z6L1bhDbHBnv$H8IFZah4vBBYTZH6w', '2014-05-15', 1, 'gedwards', 'Paula', 'Patterson', 'ppatterson@eayo.com', 0, 0, '2013-11-12'),
(867, 'pbkdf2_sha256$12000$z6L1bhDbHBnv$H8IFZah4vBBYTZH6w', '2014-02-02', 0, 'rflores', 'Philip', 'Bailey', 'pbailey@ntags.org', 0, 0, '2012-02-29'),
(868, 'pbkdf2_sha256$12000$z6L1bhDbHBnv$H8IFZah4vBBYTZH6w', '2014-06-17', 0, 'fnichols', 'Victor', 'Payne', 'vpayne@tagopia.mil', 0, 1, '2012-07-28'),
(869, 'pbkdf2_sha256$12000$z6L1bhDbHBnv$H8IFZah4vBBYTZH6w', '2014-01-03', 1, 'cpeters', 'Heather', 'Fernandez', 'hfernandez@centizu.name', 0, 0, '2013-03-23'),
(870, 'pbkdf2_sha256$12000$z6L1bhDbHBnv$H8IFZah4vBBYTZH6w', '2014-06-15', 1, 'pharris', 'Norma', 'Perkins', 'nperkins@kwideo.mil', 0, 0, '2011-01-30'),
(871, 'pbkdf2_sha256$12000$z6L1bhDbHBnv$H8IFZah4vBBYTZH6w', '2014-02-18', 0, 'bspencer', 'Amanda', 'Willis', 'awillis@edgewire.info', 1, 1, '2013-12-04'),
(872, 'pbkdf2_sha256$12000$z6L1bhDbHBnv$H8IFZah4vBBYTZH6w', '2014-05-25', 1, 'rcarter', 'Kimberly', 'Gray', 'kgray@fiveclub.biz', 0, 0, '2013-07-12'),
(873, 'pbkdf2_sha256$12000$z6L1bhDbHBnv$H8IFZah4vBBYTZH6w', '2014-07-11', 1, 'lhamilton', 'Lori', 'Vasquez', 'lvasquez@twiyo.net', 1, 1, '2012-11-11'),
(874, 'pbkdf2_sha256$12000$z6L1bhDbHBnv$H8IFZah4vBBYTZH6w', '2014-04-12', 0, 'pburke', 'Shawn', 'Coleman', 'scoleman@meedoo.edu', 1, 1, '2013-02-22'),
(875, 'pbkdf2_sha256$12000$z6L1bhDbHBnv$H8IFZah4vBBYTZH6w', '2014-04-23', 1, 'krodriguez', 'Harry', 'Ryan', 'hryan@devshare.name', 0, 0, '2011-12-01'),
(876, 'pbkdf2_sha256$12000$z6L1bhDbHBnv$H8IFZah4vBBYTZH6w', '2014-01-26', 1, 'jcooper', 'Ernest', 'Marshall', 'emarshall@omba.biz', 1, 0, '2011-10-12'),
(877, 'pbkdf2_sha256$12000$z6L1bhDbHBnv$H8IFZah4vBBYTZH6w', '2014-05-14', 0, 'ggibson', 'Bobby', 'Armstrong', 'barmstrong@trilia.name', 1, 1, '2012-02-21'),
(878, 'pbkdf2_sha256$12000$z6L1bhDbHBnv$H8IFZah4vBBYTZH6w', '2014-07-11', 0, 'scooper', 'Ann', 'Ortiz', 'aortiz@tagchat.name', 1, 0, '2011-01-12'),
(879, 'pbkdf2_sha256$12000$z6L1bhDbHBnv$H8IFZah4vBBYTZH6w', '2014-05-22', 0, 'jrogers', 'Jane', 'Burke', 'jburke@meejo.mil', 1, 0, '2013-04-15'),
(880, 'pbkdf2_sha256$12000$z6L1bhDbHBnv$H8IFZah4vBBYTZH6w', '2014-05-09', 0, 'tdunn', 'Betty', 'Carr', 'bcarr@eadel.edu', 1, 1, '2012-08-24'),
(881, 'pbkdf2_sha256$12000$z6L1bhDbHBnv$H8IFZah4vBBYTZH6w', '2014-06-08', 1, 'rmorgan', 'Marie', 'Fox', 'mfox@topicblab.gov', 1, 0, '2011-12-09'),
(882, 'pbkdf2_sha256$12000$z6L1bhDbHBnv$H8IFZah4vBBYTZH6w', '2014-06-21', 0, 'awells', 'Laura', 'Harris', 'lharris@skipfire.name', 0, 0, '2013-08-21'),
(883, 'pbkdf2_sha256$12000$z6L1bhDbHBnv$H8IFZah4vBBYTZH6w', '2014-06-30', 0, 'sramirez', 'Phyllis', 'Arnold', 'parnold@livetube.gov', 1, 0, '2012-11-25'),
(884, 'pbkdf2_sha256$12000$z6L1bhDbHBnv$H8IFZah4vBBYTZH6w', '2014-04-22', 1, 'eferguson', 'Kenneth', 'Moore', 'kmoore@skaboo.info', 0, 1, '2011-01-25'),
(885, 'pbkdf2_sha256$12000$z6L1bhDbHBnv$H8IFZah4vBBYTZH6w', '2014-04-02', 0, 'pbennett', 'James', 'Berry', 'jberry@photolist.info', 1, 0, '2011-01-01'),
(886, 'pbkdf2_sha256$12000$z6L1bhDbHBnv$H8IFZah4vBBYTZH6w', '2014-04-05', 0, 'jwilliams', 'Juan', 'Bishop', 'jbishop@camimbo.name', 1, 0, '2013-07-23'),
(887, 'pbkdf2_sha256$12000$z6L1bhDbHBnv$H8IFZah4vBBYTZH6w', '2014-05-01', 1, 'plarson', 'Brandon', 'Hill', 'bhill@digitube.gov', 0, 0, '2011-02-01'),
(888, 'pbkdf2_sha256$12000$z6L1bhDbHBnv$H8IFZah4vBBYTZH6w', '2014-02-25', 1, 'efields', 'Frank', 'Murray', 'fmurray@eazzy.edu', 1, 0, '2011-02-02'),
(889, 'pbkdf2_sha256$12000$z6L1bhDbHBnv$H8IFZah4vBBYTZH6w', '2014-07-12', 0, 'adavis', 'Justin', 'Greene', 'jgreene@brainbox.name', 0, 1, '2011-02-04'),
(890, 'pbkdf2_sha256$12000$z6L1bhDbHBnv$H8IFZah4vBBYTZH6w', '2014-04-25', 1, 'cfields', 'Benjamin', 'Palmer', 'bpalmer@brainfire.org', 0, 0, '2011-11-19'),
(891, 'pbkdf2_sha256$12000$z6L1bhDbHBnv$H8IFZah4vBBYTZH6w', '2014-03-16', 0, 'jgrant', 'Christina', 'Banks', 'cbanks@centimia.name', 1, 1, '2011-12-03'),
(892, 'pbkdf2_sha256$12000$z6L1bhDbHBnv$H8IFZah4vBBYTZH6w', '2014-07-18', 1, 'pclark', 'James', 'Murphy', 'jmurphy@fatz.mil', 1, 0, '2012-10-28'),
(893, 'pbkdf2_sha256$12000$z6L1bhDbHBnv$H8IFZah4vBBYTZH6w', '2014-06-11', 0, 'awheeler', 'Lillian', 'Peters', 'lpeters@livetube.org', 1, 0, '2013-01-27'),
(894, 'pbkdf2_sha256$12000$z6L1bhDbHBnv$H8IFZah4vBBYTZH6w', '2014-03-16', 1, 'scarroll', 'Kenneth', 'Bryant', 'kbryant@jaxnation.com', 0, 1, '2013-04-11'),
(895, 'pbkdf2_sha256$12000$z6L1bhDbHBnv$H8IFZah4vBBYTZH6w', '2014-04-19', 0, 'rfowler', 'Jeffrey', 'Lee', 'jlee@voolia.name', 1, 0, '2013-12-09'),
(896, 'pbkdf2_sha256$12000$z6L1bhDbHBnv$H8IFZah4vBBYTZH6w', '2014-05-24', 0, 'stucker', 'Ruth', 'Berry', 'rberry@topicblab.edu', 1, 1, '2011-12-06'),
(897, 'pbkdf2_sha256$12000$z6L1bhDbHBnv$H8IFZah4vBBYTZH6w', '2014-04-23', 0, 'aedwards', 'Stephanie', 'Roberts', 'sroberts@yakidoo.name', 0, 0, '2012-02-17'),
(898, 'pbkdf2_sha256$12000$z6L1bhDbHBnv$H8IFZah4vBBYTZH6w', '2014-07-07', 0, 'dcarroll', 'Beverly', 'Carpenter', 'bcarpenter@zoomcast.edu', 1, 1, '2011-10-02'),
(899, 'pbkdf2_sha256$12000$z6L1bhDbHBnv$H8IFZah4vBBYTZH6w', '2014-05-21', 1, 'bstevens', 'Howard', 'Henry', 'hhenry@flashpoint.name', 0, 0, '2011-05-19'),
(900, 'pbkdf2_sha256$12000$z6L1bhDbHBnv$H8IFZah4vBBYTZH6w', '2014-02-24', 0, 'thunt', 'Heather', 'Garcia', 'hgarcia@mydo.name', 1, 1, '2012-07-08'),
(901, 'pbkdf2_sha256$12000$z6L1bhDbHBnv$H8IFZah4vBBYTZH6w', '2014-07-05', 0, 'jbell', 'Paula', 'Cox', 'pcox@meembee.org', 0, 0, '2013-11-24'),
(902, 'pbkdf2_sha256$12000$z6L1bhDbHBnv$H8IFZah4vBBYTZH6w', '2014-06-06', 1, 'jbrown', 'Emily', 'Ellis', 'eellis@rhynyx.mil', 0, 1, '2011-01-18'),
(903, 'pbkdf2_sha256$12000$z6L1bhDbHBnv$H8IFZah4vBBYTZH6w', '2014-04-20', 1, 'mdunn', 'Todd', 'Dunn', 'tdunn@meejo.gov', 1, 0, '2011-12-29'),
(904, 'pbkdf2_sha256$12000$z6L1bhDbHBnv$H8IFZah4vBBYTZH6w', '2014-02-18', 1, 'lhowell', 'Dorothy', 'Bradley', 'dbradley@riffpedia.name', 0, 0, '2011-04-26'),
(905, 'pbkdf2_sha256$12000$z6L1bhDbHBnv$H8IFZah4vBBYTZH6w', '2014-05-03', 1, 'mwilliams', 'Janice', 'Harper', 'jharper@dabjam.edu', 1, 0, '2011-04-29'),
(906, 'pbkdf2_sha256$12000$z6L1bhDbHBnv$H8IFZah4vBBYTZH6w', '2014-02-09', 0, 'lfields', 'Gloria', 'Lawrence', 'glawrence@realbridge.name', 0, 1, '2013-10-08'),
(907, 'pbkdf2_sha256$12000$z6L1bhDbHBnv$H8IFZah4vBBYTZH6w', '2014-05-15', 1, 'whart', 'Juan', 'Gonzales', 'jgonzales@roodel.net', 1, 1, '2012-07-29'),
(908, 'pbkdf2_sha256$12000$z6L1bhDbHBnv$H8IFZah4vBBYTZH6w', '2014-01-22', 1, 'gvasquez', 'Jesse', 'Wallace', 'jwallace@cogibox.com', 1, 1, '2012-09-17'),
(909, 'pbkdf2_sha256$12000$z6L1bhDbHBnv$H8IFZah4vBBYTZH6w', '2014-02-24', 0, 'eharris', 'Gloria', 'Jones', 'gjones@shuffledrive.mil', 0, 1, '2011-06-05'),
(910, 'pbkdf2_sha256$12000$z6L1bhDbHBnv$H8IFZah4vBBYTZH6w', '2014-02-19', 0, 'kmarshall', 'Daniel', 'Miller', 'dmiller@meejo.edu', 0, 1, '2013-05-31'),
(911, 'pbkdf2_sha256$12000$z6L1bhDbHBnv$H8IFZah4vBBYTZH6w', '2014-02-09', 1, 'hgarcia', 'Richard', 'Day', 'rday@talane.name', 0, 0, '2011-08-14'),
(912, 'pbkdf2_sha256$12000$z6L1bhDbHBnv$H8IFZah4vBBYTZH6w', '2014-03-16', 1, 'shall', 'Jesse', 'Vasquez', 'jvasquez@tagtune.mil', 1, 0, '2013-04-08'),
(913, 'pbkdf2_sha256$12000$z6L1bhDbHBnv$H8IFZah4vBBYTZH6w', '2014-03-30', 0, 'sscott', 'Thomas', 'Morris', 'tmorris@shuffledrive.name', 0, 0, '2011-12-06'),
(914, 'pbkdf2_sha256$12000$z6L1bhDbHBnv$H8IFZah4vBBYTZH6w', '2014-06-30', 0, 'hbell', 'Linda', 'Carter', 'lcarter@youspan.net', 1, 0, '2011-04-07'),
(915, 'pbkdf2_sha256$12000$z6L1bhDbHBnv$H8IFZah4vBBYTZH6w', '2014-03-23', 0, 'bjackson', 'Mark', 'Kelley', 'mkelley@oba.biz', 0, 1, '2011-12-16'),
(916, 'pbkdf2_sha256$12000$z6L1bhDbHBnv$H8IFZah4vBBYTZH6w', '2014-07-19', 0, 'shayes', 'Christina', 'Little', 'clittle@jayo.gov', 1, 0, '2011-12-26'),
(917, 'pbkdf2_sha256$12000$z6L1bhDbHBnv$H8IFZah4vBBYTZH6w', '2014-03-11', 1, 'gmoore', 'Kimberly', 'Mcdonald', 'kmcdonald@bubblemix.gov', 0, 1, '2011-07-15'),
(918, 'pbkdf2_sha256$12000$z6L1bhDbHBnv$H8IFZah4vBBYTZH6w', '2014-03-01', 0, 'gbaker', 'Carlos', 'Johnston', 'cjohnston@edgeclub.gov', 1, 0, '2011-06-19'),
(919, 'pbkdf2_sha256$12000$z6L1bhDbHBnv$H8IFZah4vBBYTZH6w', '2014-04-22', 0, 'lray', 'Richard', 'Vasquez', 'rvasquez@izio.info', 0, 0, '2011-05-12'),
(920, 'pbkdf2_sha256$12000$z6L1bhDbHBnv$H8IFZah4vBBYTZH6w', '2014-07-15', 1, 'mjordan', 'Teresa', 'Brown', 'tbrown@eidel.mil', 1, 0, '2011-10-27'),
(921, 'pbkdf2_sha256$12000$z6L1bhDbHBnv$H8IFZah4vBBYTZH6w', '2014-06-10', 1, 'jhart', 'Donald', 'Ryan', 'dryan@tagchat.gov', 1, 1, '2011-05-24'),
(922, 'pbkdf2_sha256$12000$z6L1bhDbHBnv$H8IFZah4vBBYTZH6w', '2014-04-24', 0, 'hrobertson', 'Albert', 'Watkins', 'awatkins@aivee.edu', 1, 1, '2011-07-12'),
(923, 'pbkdf2_sha256$12000$z6L1bhDbHBnv$H8IFZah4vBBYTZH6w', '2014-06-27', 0, 'cward', 'Norma', 'Henry', 'nhenry@edgewire.mil', 0, 1, '2013-02-02'),
(924, 'pbkdf2_sha256$12000$z6L1bhDbHBnv$H8IFZah4vBBYTZH6w', '2014-04-10', 0, 'jmiller', 'Joe', 'Frazier', 'jfrazier@trilith.org', 0, 0, '2012-03-23'),
(925, 'pbkdf2_sha256$12000$z6L1bhDbHBnv$H8IFZah4vBBYTZH6w', '2014-03-24', 0, 'mchapman', 'Randy', 'Campbell', 'rcampbell@realfire.org', 1, 1, '2012-11-07'),
(926, 'pbkdf2_sha256$12000$z6L1bhDbHBnv$H8IFZah4vBBYTZH6w', '2014-01-30', 0, 'jwarren', 'Wanda', 'Grant', 'wgrant@fiveclub.mil', 0, 0, '2011-05-27'),
(927, 'pbkdf2_sha256$12000$z6L1bhDbHBnv$H8IFZah4vBBYTZH6w', '2014-01-06', 0, 'rkim', 'Willie', 'James', 'wjames@photobug.biz', 1, 1, '2012-05-11'),
(928, 'pbkdf2_sha256$12000$z6L1bhDbHBnv$H8IFZah4vBBYTZH6w', '2014-02-20', 1, 'jmiller', 'Patricia', 'Johnson', 'pjohnson@fanoodle.name', 1, 1, '2011-09-21'),
(929, 'pbkdf2_sha256$12000$z6L1bhDbHBnv$H8IFZah4vBBYTZH6w', '2014-01-30', 0, 'lking', 'Betty', 'Fields', 'bfields@wikizz.gov', 0, 1, '2013-01-19'),
(930, 'pbkdf2_sha256$12000$z6L1bhDbHBnv$H8IFZah4vBBYTZH6w', '2014-02-25', 0, 'fthompson', 'Patricia', 'Fernandez', 'pfernandez@kazu.info', 0, 0, '2012-04-28'),
(931, 'pbkdf2_sha256$12000$z6L1bhDbHBnv$H8IFZah4vBBYTZH6w', '2014-02-14', 1, 'jhansen', 'Kelly', 'Walker', 'kwalker@jaxspan.gov', 1, 0, '2012-09-13'),
(932, 'pbkdf2_sha256$12000$z6L1bhDbHBnv$H8IFZah4vBBYTZH6w', '2014-02-21', 0, 'kwatson', 'Sara', 'Ray', 'sray@dazzlesphere.info', 0, 1, '2013-08-15'),
(933, 'pbkdf2_sha256$12000$z6L1bhDbHBnv$H8IFZah4vBBYTZH6w', '2014-03-26', 1, 'dmoreno', 'Kevin', 'Jordan', 'kjordan@browsedrive.org', 1, 1, '2011-03-13'),
(934, 'pbkdf2_sha256$12000$z6L1bhDbHBnv$H8IFZah4vBBYTZH6w', '2014-05-15', 1, 'kreyes', 'Brandon', 'Nichols', 'bnichols@photobean.mil', 1, 1, '2012-04-19'),
(935, 'pbkdf2_sha256$12000$z6L1bhDbHBnv$H8IFZah4vBBYTZH6w', '2014-06-18', 1, 'ameyer', 'Steve', 'Young', 'syoung@wikizz.name', 0, 0, '2011-11-18'),
(936, 'pbkdf2_sha256$12000$z6L1bhDbHBnv$H8IFZah4vBBYTZH6w', '2014-02-27', 1, 'gsimmons', 'Robert', 'Crawford', 'rcrawford@thoughtworks.edu', 0, 1, '2013-04-25'),
(937, 'pbkdf2_sha256$12000$z6L1bhDbHBnv$H8IFZah4vBBYTZH6w', '2014-03-13', 0, 'ppeterson', 'Kelly', 'Rivera', 'krivera@gabspot.info', 0, 0, '2011-07-03'),
(938, 'pbkdf2_sha256$12000$z6L1bhDbHBnv$H8IFZah4vBBYTZH6w', '2014-04-06', 1, 'storres', 'Marilyn', 'Pierce', 'mpierce@flashdog.net', 1, 1, '2013-11-22'),
(939, 'pbkdf2_sha256$12000$z6L1bhDbHBnv$H8IFZah4vBBYTZH6w', '2014-04-05', 0, 'areid', 'David', 'Medina', 'dmedina@gigabox.edu', 0, 0, '2012-08-19'),
(940, 'pbkdf2_sha256$12000$z6L1bhDbHBnv$H8IFZah4vBBYTZH6w', '2014-06-17', 0, 'pfuller', 'Karen', 'Crawford', 'kcrawford@wikizz.org', 0, 1, '2011-11-08'),
(941, 'pbkdf2_sha256$12000$z6L1bhDbHBnv$H8IFZah4vBBYTZH6w', '2014-05-09', 0, 'cray', 'Mary', 'Rivera', 'mrivera@rooxo.net', 1, 0, '2012-03-26'),
(942, 'pbkdf2_sha256$12000$z6L1bhDbHBnv$H8IFZah4vBBYTZH6w', '2014-06-04', 0, 'creid', 'Catherine', 'Lopez', 'clopez@buzzdog.info', 0, 0, '2012-02-15'),
(943, 'pbkdf2_sha256$12000$z6L1bhDbHBnv$H8IFZah4vBBYTZH6w', '2014-03-21', 0, 'hwagner', 'Joseph', 'Mitchell', 'jmitchell@linktype.gov', 1, 0, '2013-10-24'),
(944, 'pbkdf2_sha256$12000$z6L1bhDbHBnv$H8IFZah4vBBYTZH6w', '2014-04-12', 1, 'wbell', 'Robert', 'Montgomery', 'rmontgomery@babbleopia.gov', 0, 0, '2012-10-31'),
(945, 'pbkdf2_sha256$12000$z6L1bhDbHBnv$H8IFZah4vBBYTZH6w', '2014-02-27', 1, 'ewashington', 'Nicole', 'Lynch', 'nlynch@youfeed.edu', 0, 0, '2013-04-24'),
(946, 'pbkdf2_sha256$12000$z6L1bhDbHBnv$H8IFZah4vBBYTZH6w', '2014-01-09', 0, 'thunter', 'Johnny', 'Young', 'jyoung@jabbersphere.biz', 1, 0, '2012-11-22'),
(947, 'pbkdf2_sha256$12000$z6L1bhDbHBnv$H8IFZah4vBBYTZH6w', '2014-05-29', 1, 'thamilton', 'Martin', 'Black', 'mblack@rhybox.info', 1, 0, '2012-11-15'),
(948, 'pbkdf2_sha256$12000$z6L1bhDbHBnv$H8IFZah4vBBYTZH6w', '2014-07-16', 1, 'jwebb', 'Carlos', 'Adams', 'cadams@jabberstorm.edu', 1, 1, '2013-12-29'),
(949, 'pbkdf2_sha256$12000$z6L1bhDbHBnv$H8IFZah4vBBYTZH6w', '2014-06-13', 1, 'cmiller', 'Paul', 'Chavez', 'pchavez@bubblebox.biz', 1, 1, '2012-07-30'),
(950, 'pbkdf2_sha256$12000$z6L1bhDbHBnv$H8IFZah4vBBYTZH6w', '2014-05-09', 0, 'sjohnson', 'Stephen', 'Adams', 'sadams@fadeo.info', 0, 1, '2012-12-09'),
(951, 'pbkdf2_sha256$12000$z6L1bhDbHBnv$H8IFZah4vBBYTZH6w', '2014-05-17', 1, 'ereid', 'Kathryn', 'Ward', 'kward@devbug.org', 0, 1, '2013-02-06'),
(952, 'pbkdf2_sha256$12000$z6L1bhDbHBnv$H8IFZah4vBBYTZH6w', '2014-05-22', 0, 'jpatterson', 'Robin', 'Anderson', 'randerson@realcube.gov', 1, 1, '2011-05-25'),
(953, 'pbkdf2_sha256$12000$z6L1bhDbHBnv$H8IFZah4vBBYTZH6w', '2014-03-07', 1, 'thughes', 'Gloria', 'Riley', 'griley@fatz.mil', 1, 0, '2013-10-26'),
(954, 'pbkdf2_sha256$12000$z6L1bhDbHBnv$H8IFZah4vBBYTZH6w', '2014-03-04', 1, 'lthomas', 'Aaron', 'Allen', 'aallen@livetube.biz', 1, 0, '2012-03-03'),
(955, 'pbkdf2_sha256$12000$z6L1bhDbHBnv$H8IFZah4vBBYTZH6w', '2014-03-17', 1, 'mgonzalez', 'Anthony', 'Wallace', 'awallace@edgepulse.org', 1, 0, '2011-10-30'),
(956, 'pbkdf2_sha256$12000$z6L1bhDbHBnv$H8IFZah4vBBYTZH6w', '2014-05-12', 0, 'lwatson', 'Christina', 'Cole', 'ccole@mymm.com', 1, 0, '2013-11-16'),
(957, 'pbkdf2_sha256$12000$z6L1bhDbHBnv$H8IFZah4vBBYTZH6w', '2014-01-25', 1, 'erodriguez', 'Angela', 'Ferguson', 'aferguson@mymm.info', 1, 1, '2013-10-11'),
(958, 'pbkdf2_sha256$12000$z6L1bhDbHBnv$H8IFZah4vBBYTZH6w', '2014-03-29', 0, 'rcarpenter', 'Christine', 'Dean', 'cdean@thoughtstorm.com', 0, 1, '2012-05-15'),
(959, 'pbkdf2_sha256$12000$z6L1bhDbHBnv$H8IFZah4vBBYTZH6w', '2014-03-29', 1, 'chayes', 'Heather', 'Romero', 'hromero@devpulse.mil', 1, 0, '2013-05-24'),
(960, 'pbkdf2_sha256$12000$z6L1bhDbHBnv$H8IFZah4vBBYTZH6w', '2014-04-17', 1, 'jharrison', 'Martin', 'King', 'mking@photofeed.mil', 1, 1, '2011-08-07'),
(961, 'pbkdf2_sha256$12000$z6L1bhDbHBnv$H8IFZah4vBBYTZH6w', '2014-01-26', 1, 'bbanks', 'Norma', 'Ortiz', 'nortiz@vinder.net', 1, 0, '2013-10-07'),
(962, 'pbkdf2_sha256$12000$z6L1bhDbHBnv$H8IFZah4vBBYTZH6w', '2014-04-20', 0, 'tburke', 'Norma', 'Franklin', 'nfranklin@skyba.biz', 1, 0, '2013-12-04'),
(963, 'pbkdf2_sha256$12000$z6L1bhDbHBnv$H8IFZah4vBBYTZH6w', '2014-02-15', 1, 'jmorales', 'Raymond', 'Fernandez', 'rfernandez@flipbug.edu', 1, 0, '2011-02-16'),
(964, 'pbkdf2_sha256$12000$z6L1bhDbHBnv$H8IFZah4vBBYTZH6w', '2014-03-02', 1, 'ecunningham', 'Timothy', 'Gordon', 'tgordon@meembee.org', 0, 0, '2011-02-01'),
(965, 'pbkdf2_sha256$12000$z6L1bhDbHBnv$H8IFZah4vBBYTZH6w', '2014-02-11', 1, 'hwest', 'Kelly', 'Elliott', 'kelliott@mudo.org', 0, 1, '2011-01-27'),
(966, 'pbkdf2_sha256$12000$z6L1bhDbHBnv$H8IFZah4vBBYTZH6w', '2014-04-29', 1, 'nhowell', 'Matthew', 'Daniels', 'mdaniels@oyoyo.mil', 1, 1, '2013-04-19'),
(967, 'pbkdf2_sha256$12000$z6L1bhDbHBnv$H8IFZah4vBBYTZH6w', '2014-07-20', 0, 'efreeman', 'Tina', 'Rodriguez', 'trodriguez@gigabox.com', 0, 0, '2011-01-24'),
(968, 'pbkdf2_sha256$12000$z6L1bhDbHBnv$H8IFZah4vBBYTZH6w', '2014-02-09', 1, 'dharrison', 'Michael', 'Ruiz', 'mruiz@wikibox.com', 1, 1, '2013-06-28'),
(969, 'pbkdf2_sha256$12000$z6L1bhDbHBnv$H8IFZah4vBBYTZH6w', '2014-05-04', 1, 'astone', 'Sharon', 'Ramos', 'sramos@jazzy.org', 1, 1, '2012-10-17'),
(970, 'pbkdf2_sha256$12000$z6L1bhDbHBnv$H8IFZah4vBBYTZH6w', '2014-06-02', 0, 'thanson', 'Judith', 'Myers', 'jmyers@jabberstorm.biz', 0, 1, '2013-06-26'),
(971, 'pbkdf2_sha256$12000$z6L1bhDbHBnv$H8IFZah4vBBYTZH6w', '2014-04-21', 1, 'rreyes', 'Anna', 'Harvey', 'aharvey@livez.name', 0, 0, '2013-09-20'),
(972, 'pbkdf2_sha256$12000$z6L1bhDbHBnv$H8IFZah4vBBYTZH6w', '2014-04-06', 0, 'rhunter', 'Christine', 'Myers', 'cmyers@aimbu.net', 0, 1, '2011-09-21'),
(973, 'pbkdf2_sha256$12000$z6L1bhDbHBnv$H8IFZah4vBBYTZH6w', '2014-05-03', 0, 'jaustin', 'Sandra', 'Tucker', 'stucker@buzzshare.gov', 0, 0, '2012-07-02'),
(974, 'pbkdf2_sha256$12000$z6L1bhDbHBnv$H8IFZah4vBBYTZH6w', '2014-07-07', 1, 'kberry', 'Martin', 'Stephens', 'mstephens@blognation.gov', 1, 0, '2012-04-29'),
(975, 'pbkdf2_sha256$12000$z6L1bhDbHBnv$H8IFZah4vBBYTZH6w', '2014-04-13', 1, 'athomas', 'Earl', 'Williamson', 'ewilliamson@livetube.name', 1, 1, '2012-10-06'),
(976, 'pbkdf2_sha256$12000$z6L1bhDbHBnv$H8IFZah4vBBYTZH6w', '2014-06-23', 0, 'jarmstrong', 'Elizabeth', 'Carter', 'ecarter@devshare.net', 1, 1, '2011-12-17'),
(977, 'pbkdf2_sha256$12000$z6L1bhDbHBnv$H8IFZah4vBBYTZH6w', '2014-02-24', 1, 'jmontgomery', 'Todd', 'Ford', 'tford@meemm.net', 1, 0, '2013-06-08'),
(978, 'pbkdf2_sha256$12000$z6L1bhDbHBnv$H8IFZah4vBBYTZH6w', '2014-07-17', 1, 'cstewart', 'Todd', 'Gutierrez', 'tgutierrez@leenti.edu', 0, 0, '2013-03-12'),
(979, 'pbkdf2_sha256$12000$z6L1bhDbHBnv$H8IFZah4vBBYTZH6w', '2014-01-08', 0, 'droberts', 'Howard', 'Barnes', 'hbarnes@omba.gov', 1, 0, '2011-09-23'),
(980, 'pbkdf2_sha256$12000$z6L1bhDbHBnv$H8IFZah4vBBYTZH6w', '2014-04-01', 0, 'aberry', 'Pamela', 'Wells', 'pwells@youopia.mil', 0, 1, '2011-08-29'),
(981, 'pbkdf2_sha256$12000$z6L1bhDbHBnv$H8IFZah4vBBYTZH6w', '2014-03-03', 1, 'ljordan', 'Janice', 'Chapman', 'jchapman@bluezoom.name', 1, 1, '2012-06-26'),
(982, 'pbkdf2_sha256$12000$z6L1bhDbHBnv$H8IFZah4vBBYTZH6w', '2014-01-16', 0, 'jnelson', 'Aaron', 'Bowman', 'abowman@abatz.name', 1, 0, '2012-07-09'),
(983, 'pbkdf2_sha256$12000$z6L1bhDbHBnv$H8IFZah4vBBYTZH6w', '2014-02-12', 1, 'rmcdonald', 'Dorothy', 'Porter', 'dporter@aimbu.net', 0, 0, '2012-05-18'),
(984, 'pbkdf2_sha256$12000$z6L1bhDbHBnv$H8IFZah4vBBYTZH6w', '2014-03-28', 1, 'ggray', 'Debra', 'Roberts', 'droberts@omba.mil', 1, 1, '2012-11-19'),
(985, 'pbkdf2_sha256$12000$z6L1bhDbHBnv$H8IFZah4vBBYTZH6w', '2014-04-06', 1, 'amedina', 'Annie', 'Gordon', 'agordon@oyoloo.name', 1, 1, '2013-09-25'),
(986, 'pbkdf2_sha256$12000$z6L1bhDbHBnv$H8IFZah4vBBYTZH6w', '2014-02-09', 1, 'crichards', 'Clarence', 'Sanders', 'csanders@layo.biz', 0, 0, '2011-06-07'),
(987, 'pbkdf2_sha256$12000$z6L1bhDbHBnv$H8IFZah4vBBYTZH6w', '2014-04-02', 0, 'pmurphy', 'Julia', 'Rogers', 'jrogers@voonyx.mil', 1, 0, '2012-02-06'),
(988, 'pbkdf2_sha256$12000$z6L1bhDbHBnv$H8IFZah4vBBYTZH6w', '2014-06-28', 0, 'ctucker', 'Steven', 'Morales', 'smorales@dabz.net', 1, 0, '2012-06-01'),
(989, 'pbkdf2_sha256$12000$z6L1bhDbHBnv$H8IFZah4vBBYTZH6w', '2014-04-09', 1, 'farmstrong', 'Charles', 'Foster', 'cfoster@linkbridge.net', 1, 1, '2011-05-06'),
(990, 'pbkdf2_sha256$12000$z6L1bhDbHBnv$H8IFZah4vBBYTZH6w', '2014-03-02', 1, 'cjenkins', 'Daniel', 'Brown', 'dbrown@eazzy.net', 1, 0, '2013-08-16'),
(991, 'pbkdf2_sha256$12000$z6L1bhDbHBnv$H8IFZah4vBBYTZH6w', '2014-01-26', 1, 'mharvey', 'Sean', 'Palmer', 'spalmer@quamba.com', 0, 0, '2013-09-30'),
(992, 'pbkdf2_sha256$12000$z6L1bhDbHBnv$H8IFZah4vBBYTZH6w', '2014-04-14', 1, 'pallen', 'Ann', 'Spencer', 'aspencer@realmix.com', 0, 0, '2013-11-20'),
(993, 'pbkdf2_sha256$12000$z6L1bhDbHBnv$H8IFZah4vBBYTZH6w', '2014-03-28', 0, 'cjacobs', 'Eugene', 'Riley', 'eriley@realpoint.mil', 0, 0, '2012-03-24'),
(994, 'pbkdf2_sha256$12000$z6L1bhDbHBnv$H8IFZah4vBBYTZH6w', '2014-02-10', 1, 'gmason', 'Scott', 'Richardson', 'srichardson@zoozzy.biz', 0, 1, '2011-03-09'),
(995, 'pbkdf2_sha256$12000$z6L1bhDbHBnv$H8IFZah4vBBYTZH6w', '2014-04-06', 0, 'smorris', 'Willie', 'Bryant', 'wbryant@rooxo.mil', 1, 0, '2011-01-17'),
(996, 'pbkdf2_sha256$12000$z6L1bhDbHBnv$H8IFZah4vBBYTZH6w', '2014-07-19', 1, 'mnichols', 'Louis', 'Austin', 'laustin@babbleset.biz', 1, 0, '2012-02-08');
INSERT INTO `MOCK_DATA` (`id`, `password`, `last_login`, `is_superuser`, `username`, `first_name`, `last_name`, `email`, `is_staff`, `is_active`, `date_joined`) VALUES
(997, 'pbkdf2_sha256$12000$z6L1bhDbHBnv$H8IFZah4vBBYTZH6w', '2014-05-17', 1, 'tbrown', 'Nicole', 'Moreno', 'nmoreno@vipe.gov', 0, 0, '2011-10-12'),
(998, 'pbkdf2_sha256$12000$z6L1bhDbHBnv$H8IFZah4vBBYTZH6w', '2014-01-11', 1, 'jporter', 'Joan', 'Ruiz', 'jruiz@buzzdog.com', 0, 0, '2011-12-20'),
(999, 'pbkdf2_sha256$12000$z6L1bhDbHBnv$H8IFZah4vBBYTZH6w', '2014-05-31', 1, 'rrobinson', 'William', 'Fuller', 'wfuller@realpoint.net', 0, 0, '2012-01-06'),
(1000, 'pbkdf2_sha256$12000$z6L1bhDbHBnv$H8IFZah4vBBYTZH6w', '2014-02-11', 1, 'whawkins', 'Timothy', 'Johnston', 'tjohnston@realfire.gov', 0, 1, '2011-09-05');

--
-- Constraints for dumped tables
--

--
-- Constraints for table `auth_group_permissions`
--
ALTER TABLE `auth_group_permissions`
  ADD CONSTRAINT `group_id_refs_id_f4b32aac` FOREIGN KEY (`group_id`) REFERENCES `auth_group` (`id`),
  ADD CONSTRAINT `permission_id_refs_id_6ba0f519` FOREIGN KEY (`permission_id`) REFERENCES `auth_permission` (`id`);

--
-- Constraints for table `auth_permission`
--
ALTER TABLE `auth_permission`
  ADD CONSTRAINT `content_type_id_refs_id_d043b34a` FOREIGN KEY (`content_type_id`) REFERENCES `django_content_type` (`id`);

--
-- Constraints for table `auth_user_groups`
--
ALTER TABLE `auth_user_groups`
  ADD CONSTRAINT `group_id_refs_id_274b862c` FOREIGN KEY (`group_id`) REFERENCES `auth_group` (`id`),
  ADD CONSTRAINT `user_id_refs_id_40c41112` FOREIGN KEY (`user_id`) REFERENCES `auth_user` (`id`);

--
-- Constraints for table `auth_user_user_permissions`
--
ALTER TABLE `auth_user_user_permissions`
  ADD CONSTRAINT `permission_id_refs_id_35d9ac25` FOREIGN KEY (`permission_id`) REFERENCES `auth_permission` (`id`),
  ADD CONSTRAINT `user_id_refs_id_4dc23c39` FOREIGN KEY (`user_id`) REFERENCES `auth_user` (`id`);

--
-- Constraints for table `django_admin_log`
--
ALTER TABLE `django_admin_log`
  ADD CONSTRAINT `content_type_id_refs_id_93d2d1f8` FOREIGN KEY (`content_type_id`) REFERENCES `django_content_type` (`id`),
  ADD CONSTRAINT `user_id_refs_id_c0d12874` FOREIGN KEY (`user_id`) REFERENCES `auth_user` (`id`);

--
-- Constraints for table `mainapp_post`
--
ALTER TABLE `mainapp_post`
  ADD CONSTRAINT `site_id_refs_id_e9f1442b` FOREIGN KEY (`site_id`) REFERENCES `mainapp_site` (`id`);

--
-- Constraints for table `mainapp_rating`
--
ALTER TABLE `mainapp_rating`
  ADD CONSTRAINT `post_id_refs_id_cd2a2f82` FOREIGN KEY (`post_id`) REFERENCES `mainapp_post` (`id`),
  ADD CONSTRAINT `user_id_refs_id_8dbbecbe` FOREIGN KEY (`user_id`) REFERENCES `auth_user` (`id`);

/*!40101 SET CHARACTER_SET_CLIENT=@OLD_CHARACTER_SET_CLIENT */;
/*!40101 SET CHARACTER_SET_RESULTS=@OLD_CHARACTER_SET_RESULTS */;
/*!40101 SET COLLATION_CONNECTION=@OLD_COLLATION_CONNECTION */;
